Date,portfolio_return
2020-01-03,-0.006309790949765969
2020-01-06,-0.0016545729581219758
2020-01-07,0.061374598668934396
2020-01-08,-0.0068006503359990585
2020-01-09,0.06536237925207784
2020-01-10,0.03404016594872334
2020-01-13,0.10757667771679005
2020-01-14,0.005497419645342793
2020-01-15,-0.04559758229170236
2020-01-16,0.021963613593079613
2020-01-17,-0.0005042758331960549
2020-01-21,0.09056957578866338
2020-01-22,-0.025057827822052472
2020-01-23,-0.01333215038790466
2020-01-24,0.002248911274360767
2020-01-27,0.008093811579978023
2020-01-28,-0.005112690780489454
2020-01-29,-0.012036646176331453
2020-01-30,0.010004851966167648
2020-01-31,-0.05160816603341977
2020-02-03,-0.021786913186008068
2020-02-04,0.03749714103759509
2020-02-05,0.0027874070406626273
2020-02-06,0.013696405247185406
2020-02-07,0.014117124998899794
2020-02-10,0.016753862231049937
2020-02-11,-0.01399967905867132
2020-02-12,0.0011126426152910877
2020-02-13,-0.015592177796384872
2020-02-14,0.019315995991466467
2020-02-18,0.016571877467229303
2020-02-19,0.02411954810024448
2020-02-20,-0.02737585988721728
2020-02-21,-0.024331995029803825
2020-02-24,-0.03841707161881492
2020-02-25,-0.03467849265441058
2020-02-26,0.01979562179553501
2020-02-27,-0.06089917899213726
2020-02-28,-0.079630157603235
2020-03-02,0.08229735156806191
2020-03-03,-0.019100375896682627
2020-03-04,0.057267201786380395
2020-03-05,-0.04604533507403021
2020-03-06,-0.0053259113498894325
2020-03-09,-0.08190922326419266
2020-03-10,0.05277404720973504
2020-03-11,-0.06380917054141547
2020-03-12,-0.1017142239060379
2020-03-13,0.05213402675796913
2020-03-16,-0.14340386594920235
2020-03-17,0.011308409276617831
2020-03-18,-0.06531764730302829
2020-03-19,0.027543916366089567
2020-03-20,-0.025183637840915808
2020-03-23,-0.014269631538041639
2020-03-24,0.1367650816321003
2020-03-25,0.03949131005939346
2020-03-26,0.012455491635699156
2020-03-27,-0.05602887403282154
2020-03-30,0.013731737019437898
2020-03-31,0.0029424421005392063
2020-04-01,-0.044302293915513685
2020-04-02,-0.04141013001175584
2020-04-03,0.010241371938662452
2020-04-06,0.09391747932420083
2020-04-07,0.00603136149248408
2020-04-08,0.027973968730719057
2020-04-09,0.02433557060195214
2020-04-13,0.0404720243921937
2020-04-14,0.0339032455897929
2020-04-15,-0.026386096746201675
2020-04-16,0.004708208274959482
2020-04-17,0.007626834108192498
2020-04-20,0.0045190690196928104
2020-04-21,0.022572152734614114
2020-04-22,0.03513236511914127
2020-04-23,0.06345772536388535
2020-04-24,0.060190785658284195
2020-04-27,-0.04261236697165019
2020-04-28,-0.008494917589822761
2020-04-29,0.01904732282696982
2020-04-30,0.004659046348563678
2020-05-01,-0.046364852799431075
2020-05-04,0.02717709397771855
2020-05-05,0.03417786727782831
2020-05-06,0.13787479560201021
2020-05-07,-0.009303218730562102
2020-05-08,0.0568209793472566
2020-05-11,-0.0025905532425937053
2020-05-12,0.01826095357143514
2020-05-13,-0.014933697274171343
2020-05-14,0.006423185668574127
2020-05-15,-0.007607196612731975
2020-05-18,-0.004193433913692772
2020-05-19,0.021406090757861415
2020-05-20,0.025639425023711644
2020-05-21,-0.012335450263141508
2020-05-22,-0.0016938566321979035
2020-05-26,-0.017985919153460612
2020-05-27,-0.035228641148058085
2020-05-28,-0.009447071529555118
2020-05-29,0.031098974424544745
2020-06-01,0.04741866694154611
2020-06-02,-0.010623059602501561
2020-06-03,-0.0009330818594202451
2020-06-04,0.0041945382934780754
2020-06-05,0.003043133586441635
2020-06-08,0.11354052517945525
2020-06-09,-0.011301043358090838
2020-06-10,0.019919534787988417
2020-06-11,-0.06486192248288851
2020-06-12,0.008601548580277722
2020-06-15,0.038724587709732694
2020-06-16,0.006135753866188938
2020-06-17,0.014108582563824463
2020-06-18,0.006270795594884775
2020-06-19,-0.002537827872832157
2020-06-22,0.017157711711062562
2020-06-23,-0.011439613461311046
2020-06-24,-0.013349901464872627
2020-06-25,-0.013847699824370834
2020-06-26,-0.027928954897318586
2020-06-29,-0.025238572079058358
2020-06-30,0.013518123326119019
2020-07-01,0.028273212726260488
2020-07-02,-0.003317212401798196
2020-07-06,0.021363282597053754
2020-07-07,-0.0011253230349392656
2020-07-08,0.018069057975112948
2020-07-09,-0.011140996206805665
2020-07-10,-0.021529602537583577
2020-07-13,-0.03648583054764427
2020-07-14,0.015393990221170575
2020-07-15,0.01923214608586883
2020-07-16,-0.018812488136666545
2020-07-17,-0.0017041741770571336
2020-07-20,0.011226969185068247
2020-07-21,-0.0011093355300827194
2020-07-22,0.003929642488394766
2020-07-23,-0.03564779997063047
2020-07-24,-0.009486306117790772
2020-07-27,0.018251190357048197
2020-07-28,-0.01323679448120563
2020-07-29,0.014468443316373116
2020-07-30,-0.0076251553317225615
2020-07-31,0.06190803459644398
2020-08-03,0.04648432310734926
2020-08-04,0.033418857786029176
2020-08-05,-0.03254896839497846
2020-08-06,0.016647555779641054
2020-08-07,-0.015246181085179656
2020-08-10,-0.00873244168543957
2020-08-11,-0.022286358406910338
2020-08-12,0.00946533906983799
2020-08-13,0.0216919942718346
2020-08-14,-0.00827829144876247
2020-08-17,0.0006013151004020867
2020-08-18,-0.0007653984125445493
2020-08-19,0.004886572378983925
2020-08-20,0.021328114501258825
2020-08-21,0.01754897702450399
2020-08-24,-0.00018725738948667352
2020-08-25,-0.004013922435622197
2020-08-26,0.010796579536729477
2020-08-27,0.021126440939807742
2020-08-28,-0.005159493912247735
2020-08-31,0.03541989330304844
2020-09-01,0.01719659406308325
2020-09-02,-0.03105808874647769
2020-09-03,-0.038779362356520575
2020-09-04,-0.015335720973020094
2020-09-08,0.0021836493319638967
2020-09-09,0.03356852512196516
2020-09-10,0.0020271799676613925
2020-09-11,-0.03555801819825435
2020-09-14,0.0461056501717865
2020-09-15,0.012534276425023916
2020-09-16,0.02073837718419136
2020-09-17,-0.005690731651495375
2020-09-18,-0.04209201711550911
2020-09-21,0.014015742501457847
2020-09-22,0.02491915228808622
2020-09-23,-0.03131438848470361
2020-09-24,-0.004031781034814622
2020-09-25,0.04294217563041745
2020-09-28,-0.0005765470551383177
2020-09-29,0.044768857616754976
2020-09-30,0.008609514503855815
2020-10-01,0.0181030439648869
2020-10-02,-0.028846498033355136
2020-10-05,0.04348273249476689
2020-10-06,0.004510094233899725
2020-10-07,0.028745897144885686
2020-10-08,0.010981048826852115
2020-10-09,0.012644712318043415
2020-10-12,0.024150833434001547
2020-10-13,-0.0254086723496354
2020-10-14,0.0033850120560988666
2020-10-15,-0.012437198821595462
2020-10-16,-0.01035914238114337
2020-10-19,-0.010939638067859513
2020-10-20,-0.015317044385448047
2020-10-21,0.0020282216447678643
2020-10-22,-0.021166221962749913
2020-10-23,-0.0043065024724691
2020-10-26,-0.021339892800630634
2020-10-27,-0.0014468634933310727
2020-10-28,-0.04126579805676146
2020-10-29,0.004383059383227852
2020-10-30,-0.059090975025076334
2020-11-02,0.0036473251617703114
2020-11-03,0.017437694843876837
2020-11-04,0.030240490066863045
2020-11-05,0.04387893951495783
2020-11-06,-0.0011412821401697373
2020-11-09,-0.030477157105983234
2020-11-10,-0.08797023430841412
2020-11-11,0.026617152144226407
2020-11-12,0.002886717621856732
2020-11-13,-0.01627685370570382
2020-11-16,0.014133824735342304
2020-11-17,0.0073442726140912845
2020-11-18,0.010584985520252842
2020-11-19,0.015524147174463376
2020-11-20,-0.00855750353864268
2020-11-23,0.0019022658948532993
2020-11-24,0.008825045008395057
2020-11-25,-0.0044482199289104
2020-11-27,0.011947767498487243
2020-11-30,0.002063428439627429
2020-12-01,0.005409793094291156
2020-12-02,0.0061981820043414
2020-12-03,0.002466559307198443
2020-12-04,-0.0017566701339034086
2020-12-07,-0.003799409562939739
2020-12-08,0.016588191996181126
2020-12-09,-0.02398297766947493
2020-12-10,0.00784284457852824
2020-12-11,0.001311769653648155
2020-12-14,-0.0060899743057622165
2020-12-15,0.024063933160558316
2020-12-16,0.006263991058367511
2020-12-17,0.017551752621715058
2020-12-18,-0.002407234714857951
2020-12-21,-0.0156716959887105
2020-12-22,0.014332751529375208
2020-12-23,0.0011532469740867172
2020-12-24,-0.008380942780919963
2020-12-28,-0.020450805050701716
2020-12-29,-0.008696076125536144
2020-12-30,-0.0017786825539015155
2020-12-31,-0.009784767156718227
2021-01-04,-0.009766017915278818
2021-01-05,0.008082962263317874
2021-01-06,-0.05066068080308006
2021-01-07,0.03002526769473466
2021-01-08,-0.006778083979869421
2021-01-11,-0.01768900375943229
2021-01-12,0.01626190189330904
2021-01-13,0.028451043432553766
2021-01-14,0.06234960417283648
2021-01-15,-0.015213983327135607
2021-01-19,0.008269250620756672
2021-01-20,-0.007108244367331595
2021-01-21,0.015670313680995
2021-01-22,0.030970224822743194
2021-01-25,0.0789900002540842
2021-01-26,0.09123230627196391
2021-01-27,0.010591444205899355
2021-01-28,-0.04979501494957579
2021-01-29,-0.023167000886135602
2021-02-01,0.007767744419825109
2021-02-02,-0.02792004861729902
2021-02-03,-0.0003536014008553019
2021-02-04,0.015516430302557444
2021-02-05,-0.00251172092140273
2021-02-08,0.0010506444936982835
2021-02-09,-0.010555746353049003
2021-02-10,0.012692836712332777
2021-02-11,0.011357064915571475
2021-02-12,0.0002582828231524377
2021-02-16,-0.014894578057774053
2021-02-17,-0.023891738862811984
2021-02-18,-0.006598610510970203
2021-02-19,-0.020394558023326508
2021-02-22,-0.04441583115581485
2021-02-23,-0.005418490616583334
2021-02-24,0.007006486755458391
2021-02-25,-0.04489699936916759
2021-02-26,0.007238125451758486
2021-03-01,0.032053532701846695
2021-03-02,-0.03606999522245041
2021-03-03,-0.012606372812323586
2021-03-04,-0.0189587726621432
2021-03-05,0.012292295268349906
2021-03-08,-0.03146886143267225
2021-03-09,0.03604505811186249
2021-03-10,-0.008034335838838384
2021-03-11,0.023549517818965124
2021-03-12,-0.005018479887655263
2021-03-15,0.032258526031261926
2021-03-16,-0.024591526728462793
2021-03-17,-0.0030827765819082613
2021-03-18,-0.03665970245685615
2021-03-19,0.01946288962452186
2021-03-22,0.01463384219025323
2021-03-23,-0.012516461861094928
2021-03-24,-0.035448455545896464
2021-03-25,0.0001544202025495192
2021-03-26,0.002437096668434098
2021-03-29,-0.011282201476078047
2021-03-30,-0.008183106557569795
2021-03-31,0.02537933964470291
2021-04-01,0.008350271768252582
2021-04-05,0.01235233750764587
2021-04-06,0.010364092651782722
2021-04-07,-0.0074026217498879485
2021-04-08,0.02736357552242659
2021-04-09,-0.007130976804368132
2021-04-12,0.000928866892308494
2021-04-13,0.025678185590703125
2021-04-14,-0.011179240230364283
2021-04-15,0.016596188554355924
2021-04-16,-0.0006408880810047649
2021-04-19,-0.005182017329207356
2021-04-20,-0.020513249005624443
2021-04-21,0.011027763214399109
2021-04-22,-0.00998776453771891
2021-04-23,0.0034050220691590445
2021-04-26,0.003944086649693637
2021-04-27,0.004370252986819371
2021-04-28,-0.00019469164394298995
2021-04-29,-0.0034864133879344734
2021-04-30,-0.013989484838004832
2021-05-03,-0.01645826972235927
2021-05-04,-0.023778464295880004
2021-05-05,-0.012261035573788855
2021-05-06,-0.004364194447815868
2021-05-07,-0.03306650217601092
2021-05-10,-0.028838553984183134
2021-05-11,0.007949807513330118
2021-05-12,-0.033862083263024735
2021-05-13,-0.008111284818941753
2021-05-14,0.027065485272732094
2021-05-17,-0.016498690800063536
2021-05-18,0.004162679423242394
2021-05-19,-0.0038052175743585456
2021-05-20,0.028633054987891766
2021-05-21,-0.011689917247073625
2021-05-24,0.05759006488467959
2021-05-25,0.009727414635771973
2021-05-26,0.0300244857338108
2021-05-27,0.05789337799321559
2021-05-28,0.00744636293850404
2021-06-01,-0.03722308117114758
2021-06-02,0.05803638154683727
2021-06-03,-0.028729842525164057
2021-06-04,0.01819640299004048
2021-06-07,0.024214544101735274
2021-06-08,0.004135608784588567
2021-06-09,-0.00702295137046264
2021-06-10,-0.01399350566572942
2021-06-11,0.012548417817272116
2021-06-14,0.01923775569333828
2021-06-15,-0.024315705502941275
2021-06-16,0.010293068503860952
2021-06-17,0.013014955409072586
2021-06-18,-0.01941135083612058
2021-06-21,0.013646231075737696
2021-06-22,0.008050868598390565
2021-06-23,-0.002335444055333361
2021-06-24,-0.013253883704443177
2021-06-25,0.013413287019511909
2021-06-28,0.032672969327796335
2021-06-29,0.006184462537680973
2021-06-30,0.007569158845451108
2021-07-01,-0.013485087851162085
2021-07-02,0.0023110132806497506
2021-07-06,-0.010577057906483103
2021-07-07,-0.009529284584633226
2021-07-08,-0.008540765368312164
2021-07-09,0.010385811654880273
2021-07-12,-0.00729781000889498
2021-07-13,-0.005700811502203302
2021-07-14,-0.019349565384867554
2021-07-15,0.002271911277590755
2021-07-16,-0.023265981507994176
2021-07-19,-0.010839357938462088
2021-07-20,0.033378207325790776
2021-07-21,-0.000946848047410905
2021-07-22,-0.006594509179138708
2021-07-23,-0.00035307760993414077
2021-07-26,-0.0008843524353289887
2021-07-27,-0.017628888185097568
2021-07-28,0.0055775366963907134
2021-07-29,-0.004449178180868924
2021-07-30,-0.006887062194038132
2021-08-02,0.004561798687328133
2021-08-03,-7.01350973057735e-05
2021-08-04,-0.00031947218447262154
2021-08-05,-0.0037094829416482906
2021-08-06,0.00630370927368822
2021-08-09,0.026382160133883933
2021-08-10,-0.01610181365836465
2021-08-11,-0.006668026740175458
2021-08-12,0.008854178478697225
2021-08-13,-0.012442703051351919
2021-08-16,-0.0036071822775293437
2021-08-17,-0.007782483220048871
2021-08-18,-0.007530968713704501
2021-08-19,-0.014978778163669678
2021-08-20,0.014998368320934756
2021-08-23,0.023036021948253882
2021-08-24,0.01151820475815652
2021-08-25,-0.012255578687650419
2021-08-26,-0.010846067347521198
2021-08-27,0.008309755374425808
2021-08-30,0.009838830557890681
2021-08-31,-0.006924090367068413
2021-09-01,0.006972338165541532
2021-09-02,-0.0006561557704162155
2021-09-03,-0.018274756899732004
2021-09-07,0.002070602359519248
2021-09-08,-0.010232675357118595
2021-09-09,0.0038887607192500777
2021-09-10,-0.021700439712763402
2021-09-13,0.002085873901368855
2021-09-14,-0.015938313639881647
2021-09-15,0.004670790196494228
2021-09-16,-0.012586677732721787
2021-09-17,0.013196341376829034
2021-09-20,-0.01352639815218104
2021-09-21,0.0014952136185588662
2021-09-22,0.01530893312557514
2021-09-23,-0.0007520866595741673
2021-09-24,-0.014132688633038843
2021-09-27,0.012018222883657333
2021-09-28,-0.038762118559730205
2021-09-29,-0.0017751302495344328
2021-09-30,-0.009647893371419459
2021-10-01,0.0031515041550873655
2021-10-04,-0.030797650453089666
2021-10-05,0.004102199506651429
2021-10-06,0.006383745297059989
2021-10-07,0.020020175818078575
2021-10-08,-0.02006554435580053
2021-10-11,0.00542946708908559
2021-10-12,0.010258158982010122
2021-10-13,-0.00036651626192768256
2021-10-14,0.019479072121383688
2021-10-15,-0.002626882330622103
2021-10-18,0.012738272131347782
2021-10-19,0.009238735142183832
2021-10-20,-0.00011376678993699901
2021-10-21,0.007969338460768496
2021-10-22,-0.06286270042140756
2021-10-25,0.0009015826360066058
2021-10-26,-0.006432860585475125
2021-10-27,0.005062265614243142
2021-10-28,0.03675111750040712
2021-10-29,-0.01500092692094614
2021-11-01,0.0003004880561626013
2021-11-02,0.0015327179936984652
2021-11-03,0.032186037725062774
2021-11-04,-0.0114362674361052
2021-11-05,-0.011946547301393658
2021-11-08,-0.010343920004941371
2021-11-09,-0.000303590030312052
2021-11-10,-0.027669930680926706
2021-11-11,-0.06800385537330658
2021-11-12,0.02708676862873436
2021-11-15,-0.007944427843254883
2021-11-16,0.0011903092767656643
2021-11-17,-0.01034582890858726
2021-11-18,0.0006980579028459041
2021-11-19,0.0027678284267414607
2021-11-22,-0.011083365495383026
2021-11-23,-0.006445396466987605
2021-11-24,0.008804562516392143
2021-11-26,-0.007591027775768269
2021-11-29,-0.003409677522309954
2021-11-30,-0.014260759750005103
2021-12-01,-0.030644039948764943
2021-12-02,0.005479013996732784
2021-12-03,-0.02658650832544784
2021-12-06,0.03210035441901474
2021-12-07,0.04699707950395627
2021-12-08,0.03179093337878825
2021-12-09,-0.029286234632744875
2021-12-10,-0.026951695002408814
2021-12-13,-0.018744987943783268
2021-12-14,0.04350515154151299
2021-12-15,-0.004619191439281075
2021-12-16,-0.02410531414989623
2021-12-17,0.020674963431588124
2021-12-20,-0.03325631997517456
2021-12-21,0.048148835547164856
2021-12-22,-0.0039215510989122045
2021-12-23,-0.003200632146025865
2021-12-27,0.0019270452417807366
2021-12-28,-0.006188370524178229
2021-12-29,-0.023244881998733657
2021-12-30,0.03012347425454855
2021-12-31,-0.018629662657794588
2022-01-03,0.00996141768841675
2022-01-04,-0.03179654346548016
2022-01-05,-0.03895648254416646
2022-01-06,0.06666116974059941
2022-01-07,0.011602657351800973
2022-01-10,-0.014104670808088169
2022-01-11,0.029370258898837036
2022-01-12,-0.011697715373788683
2022-01-13,0.014933519275365275
2022-01-14,-0.028143151403127918
2022-01-18,-0.030875915942792338
2022-01-19,-0.014772854340668592
2022-01-20,-0.01944650351418038
2022-01-21,-0.004749256405602013
2022-01-24,0.004998707337360912
2022-01-25,-0.016113178466004442
2022-01-26,-0.00878735119527088
2022-01-27,-0.0321605518265594
2022-01-28,0.033961048054282114
2022-01-31,0.09037378377781614
2022-02-01,0.013246471157076911
2022-02-02,-0.0185455492707894
2022-02-03,-0.05597984652517313
2022-02-04,0.005076904633230118
2022-02-07,0.003149950603774787
2022-02-08,0.014377119123196195
2022-02-09,0.027675149010643302
2022-02-10,-0.021162767459730038
2022-02-11,-0.023347688673116464
2022-02-14,-0.01414646199293875
2022-02-15,0.045328772944864204
2022-02-16,-0.019707636122915297
2022-02-17,-0.04018179509629348
2022-02-18,-0.03983009847623033
2022-02-22,-0.026184731301068527
2022-02-23,-0.04438484935147857
2022-02-24,0.025400493764829616
2022-02-25,-0.04066198025025575
2022-02-28,0.027088603164710352
2022-03-01,0.001297510119915548
2022-03-02,-0.006296476201039229
2022-03-03,0.004705066893501157
2022-03-04,-0.04455070368419515
2022-03-07,-0.02189468734250409
2022-03-08,-0.003661157226111236
2022-03-09,0.041529429402396525
2022-03-10,-0.035446770491418186
2022-03-11,-0.057515806642836904
2022-03-14,-0.04712301953612591
2022-03-15,0.05292622255824535
2022-03-16,0.08077690606921367
2022-03-17,0.036035583126235095
2022-03-18,0.04832843736452734
2022-03-21,-0.014816720635090699
2022-03-22,0.04024408191769901
2022-03-23,-0.007528479152773735
2022-03-24,0.01598910498009512
2022-03-25,-0.0178622239701991
2022-03-28,0.007820438454528515
2022-03-29,0.03253848004662
2022-03-30,-0.026914861152660625
2022-03-31,-0.01578649587443504
2022-04-01,0.009625127056090864
2022-04-04,0.033761726078844374
2022-04-05,-0.04937821266499139
2022-04-06,-0.05040161426273261
2022-04-07,0.0053379971463192845
2022-04-08,-0.015473959416520414
2022-04-11,-0.0024151740239995168
2022-04-12,0.0012238007588284572
2022-04-13,0.02487133720841387
2022-04-14,-0.03747452254657678
2022-04-18,-0.02736802291077048
2022-04-19,0.026703257236171868
2022-04-20,-0.026430373517579406
2022-04-21,-0.023718234190928184
2022-04-22,-0.025680831509289827
2022-04-25,0.015249186428941502
2022-04-26,-0.0574167851443233
2022-04-27,0.03794834831732702
2022-04-28,0.04347384809617294
2022-04-29,-0.055617055343560234
2022-05-02,0.021041524598794246
2022-05-03,0.012302949519053169
2022-05-04,0.057613064993916566
2022-05-05,-0.06798591653557129
2022-05-06,-0.03223922063617735
2022-05-09,-0.0828749202924516
2022-05-10,-0.004984723422796426
2022-05-11,-0.09599335060400854
2022-05-12,-0.0344305941552004
2022-05-13,0.14105343882569119
2022-05-16,-0.07061334900534258
2022-05-17,0.0071894410664245555
2022-05-18,-0.037834672911096524
2022-05-19,-0.029840814364204528
2022-05-20,-0.021776406750047828
2022-05-23,0.025916896769288326
2022-05-24,-0.04521589734773688
2022-05-25,0.06823652185383801
2022-05-26,0.015086280103136606
2022-05-27,0.06794878688022742
2022-05-31,-0.041503046758588985
2022-06-01,-0.02379047691782297
2022-06-02,0.05213350227730528
2022-06-03,-0.062464353562832184
2022-06-06,0.0015393740807706717
2022-06-07,0.003909957699088567
2022-06-08,0.0028886451689161944
2022-06-09,-0.062241570774131255
2022-06-10,-0.0189007497315276
2022-06-13,-0.03191338020763557
2022-06-14,0.006933958389506693
2022-06-15,0.08110727903801777
2022-06-16,-0.05236936317594018
2022-06-17,0.0015846880192526194
2022-06-21,0.05263178695750573
2022-06-22,-0.002475286972196391
2022-06-23,0.024032530112244953
2022-06-24,-0.0005462351612690198
2022-06-27,-0.0048217813587843345
2022-06-28,-0.042971005499162815
2022-06-29,0.018828727298111154
2022-06-30,-0.01762614262562255
2022-07-01,0.044601599598168014
2022-07-05,0.04349526535076745
2022-07-06,0.035477778150199826
2022-07-07,0.059769931285259155
2022-07-08,0.005362059757260966
2022-07-11,-0.03871055011006116
2022-07-12,0.015097696536606428
2022-07-13,-0.002073630538204891
2022-07-14,-0.0016533326099722832
2022-07-15,0.07541512217577628
2022-07-18,-3.960469050608151e-05
2022-07-19,0.05548651255324487
2022-07-20,0.0013073943397624282
2022-07-21,0.01865210729378842
2022-07-22,-0.026821989819915727
2022-07-25,-0.043727777806531504
2022-07-26,-0.049066786735106706
2022-07-27,0.04905703563012585
2022-07-28,-0.014152805324358203
2022-07-29,0.02514484968286787
2022-08-01,-0.0023722460703306837
2022-08-02,0.015386573181190556
2022-08-03,0.030530577207419293
2022-08-04,-0.040839199660673633
2022-08-05,0.11109355277410964
2022-08-08,0.012595389450665243
2022-08-09,-0.02921313285006816
2022-08-10,0.011300552008532097
2022-08-11,-0.006039442240458295
2022-08-12,0.010901350650004634
2022-08-15,-0.010681358470548368
2022-08-16,0.001407785494652076
2022-08-17,-0.011665937596019627
2022-08-18,-0.023044430893351776
2022-08-19,-0.06965193282705687
2022-08-22,-0.048209996065057284
2022-08-23,-0.019488423830135736
2022-08-24,0.0036192973198691833
2022-08-25,0.018209119503204925
2022-08-26,-0.05639620105352311
2022-08-29,-0.012260897144994152
2022-08-30,-0.00748885920067918
2022-08-31,-0.007703094541052529
2022-09-01,0.0058613105185928
2022-09-02,-0.030563536358661242
2022-09-06,-0.04109059265819621
2022-09-07,0.010171080024308592
2022-09-08,-0.010985068829191383
2022-09-09,0.02946744392851907
2022-09-12,0.03582741468684985
2022-09-13,-0.07649431513991946
2022-09-14,-0.019264124211892674
2022-09-15,-0.023977025641067518
2022-09-16,-0.03827789681146807
2022-09-19,-0.022072109735944253
2022-09-20,-0.023169076877646515
2022-09-21,-0.014058587092475554
2022-09-22,-0.02399727078032691
2022-09-23,0.0073352323794816385
2022-09-26,-0.03632643530070382
2022-09-27,0.009886415680884834
2022-09-28,0.03368163407022408
2022-09-29,-0.07066622445770442
2022-09-30,-0.023899912632275453
2022-10-03,0.028021947087974914
2022-10-04,0.06104201284030832
2022-10-05,0.004856732708696046
2022-10-06,-0.031596927240504454
2022-10-07,-0.05338508002300326
2022-10-10,-0.01479566555139156
2022-10-11,0.012192896916189019
2022-10-12,0.0010043074706899738
2022-10-13,0.0373065520123987
2022-10-14,-0.06535976599487577
2022-10-17,0.01750238349994625
2022-10-18,0.009547653023001042
2022-10-19,-2.224579984368201e-06
2022-10-20,-0.026097566636343477
2022-10-21,0.0025506091906466015
2022-10-24,0.00036873391448325604
2022-10-25,0.08160023871305436
2022-10-26,0.011227059325077634
2022-10-27,-0.02560365306422751
2022-10-28,0.07327013740307892
2022-10-31,-0.00161700217756272
2022-11-01,-0.020944538532432434
2022-11-02,-0.03725464269088413
2022-11-03,-0.03425188426938833
2022-11-04,-0.0169569509109439
2022-11-07,-0.020486715363568005
2022-11-08,-0.008709005856911561
2022-11-09,-0.06330954972441728
2022-11-10,0.1463674189101266
2022-11-11,0.04611272034467305
2022-11-14,0.00609644900595818
2022-11-15,0.013694884376340668
2022-11-16,-0.0458261272796433
2022-11-17,-0.013038159804514407
2022-11-18,-0.01610132879696556
2022-11-21,-0.01706309056979296
2022-11-22,-0.014362212890424518
2022-11-23,0.007316128669464997
2022-11-25,-0.013965575640170754
2022-11-28,-0.025297401880459276
2022-11-29,0.010640264052787514
2022-11-30,0.08978917009805595
2022-12-01,-0.008525546294374157
2022-12-02,-0.002362923074129574
2022-12-05,-0.025691415228280348
2022-12-06,-0.005325461320836299
2022-12-07,0.05654179432979348
2022-12-08,0.023942184510614053
2022-12-09,-0.0421579153186039
2022-12-12,0.0014940761376097131
2022-12-13,-0.002247714465602611
2022-12-14,-0.004084318612856499
2022-12-15,-0.05226852614195186
2022-12-16,0.005838229543895616
2022-12-19,-0.03706065096081874
2022-12-20,-0.0056264445685199555
2022-12-21,0.01474963720883644
2022-12-22,-0.024726738875142724
2022-12-23,-0.006507878988281501
2022-12-27,-0.045123503411485286
2022-12-28,-0.03616764059500995
2022-12-29,0.061596992624381744
2022-12-30,-0.0024986987140831717
2023-01-03,-0.015397813086191115
2023-01-04,0.02526041992464503
2023-01-05,-3.0091124744173643e-05
2023-01-06,0.04903849352149461
2023-01-09,0.01125926192604376
2023-01-10,0.02291426564598845
2023-01-11,0.056122448376227665
2023-01-12,0.018954605685568938
2023-01-13,-0.013288301360106967
2023-01-17,-0.002768707582039001
2023-01-18,-0.039362027951429485
2023-01-19,-0.01099184787016008
2023-01-20,0.04020460908603776
2023-01-23,0.06925716327172006
2023-01-24,-0.02086953652280983
2023-01-25,0.002493896050328133
2023-01-26,0.009142853073635432
2023-01-27,0.0798791134529621
2023-01-30,-0.06666121960357688
2023-01-31,0.0037929098319686356
2023-02-01,0.02065088228643868
2023-02-02,0.11594242050655515
2023-02-03,-0.008267261826536764
2023-02-06,-0.046378613289545526
2023-02-07,-0.013294466553905078
2023-02-08,0.005920328998103519
2023-02-09,-0.044688938281247995
2023-02-10,-0.00696960438867974
2023-02-13,0.014631740247145593
2023-02-14,-0.02229330921733009
2023-02-15,0.06965406339288062
2023-02-16,-0.014772134727538539
2023-02-17,0.01542161101321802
2023-02-21,-0.051630745429418416
2023-02-22,0.023215560860789106
2023-02-23,0.002804628074391093
2023-02-24,0.04303556014753506
2023-02-27,0.0010599181457137462
2023-02-28,-0.026990999114322338
2023-03-01,-0.03273492286353552
2023-03-02,0.024329850238734057
2023-03-03,0.046922203650048504
2023-03-06,-0.008125397248820646
2023-03-07,-0.00765789219916884
2023-03-08,0.007492286359689709
2023-03-09,-0.030332865053478875
2023-03-10,-0.009438417158153028
2023-03-13,0.016249775738633017
2023-03-14,0.012697122358126107
2023-03-15,-0.02023590384534944
2023-03-16,0.003156167392374133
2023-03-17,-0.0423734752142935
2023-03-20,-0.004583575073154592
2023-03-21,0.019647156707117135
2023-03-22,-0.02149977988009283
2023-03-23,0.011209835627311515
2023-03-24,0.03679728382895511
2023-03-27,-0.017158388134025416
2023-03-28,-0.00948853687175868
2023-03-29,0.011963314370825843
2023-03-30,0.009378721728212556
2023-03-31,0.018582208085624184
2023-04-03,0.0072296870039170935
2023-04-04,-0.00065224980794616
2023-04-05,-0.018003471289990518
2023-04-06,-0.017777447421363102
2023-04-10,-0.011813003889288243
2023-04-11,-0.008079312625982651
2023-04-12,-0.01567654388928936
2023-04-13,0.021905075748114313
2023-04-14,-0.0013788014076255468
2023-04-17,-0.002697584106422281
2023-04-18,0.006443798744567111
2023-04-19,0.004787822142410754
2023-04-20,-0.03482260191358956
2023-04-21,0.0010802556310467752
2023-04-24,-0.0027054937789440306
2023-04-25,-0.03017035694200401
2023-04-26,-0.012711209079688975
2023-04-27,0.03714338780386766
2023-04-28,0.0033129471113292445
2023-05-01,-0.007803228327874804
2023-05-02,-0.021788581239959495
2023-05-03,-0.00753615371883608
2023-05-04,-0.0012427455771060747
2023-05-05,0.02614539081049686
2023-05-08,0.0037585588048558876
2023-05-09,-0.035105154376085856
2023-05-10,0.0151127622223859
2023-05-11,-0.09276675019287148
2023-05-12,0.010868025819754028
2023-05-15,0.008825754918158561
2023-05-16,-0.03156056748972484
2023-05-17,0.04712517658241157
2023-05-18,0.030560363595017948
2023-05-19,-0.03144402945780184
2023-05-22,0.003994264995953656
2023-05-23,0.004352186972236966
2023-05-24,0.016441820697599332
2023-05-25,-0.022618010674076875
2023-05-26,-0.017082110153867656
2023-05-30,0.0027484068246388165
2023-05-31,-0.007575351226688307
2023-06-01,0.0088459768254346
2023-06-02,0.02543653716428798
2023-06-05,0.008306383942342975
2023-06-06,0.00791048650224678
2023-06-07,-0.018096690460393965
2023-06-08,0.10818958159288969
2023-06-09,-0.03145716638208834
2023-06-12,0.021202945670324012
2023-06-13,0.0630762810993745
2023-06-14,-0.012946182689311796
2023-06-15,-0.012248193093528165
2023-06-16,-0.011072972699037455
2023-06-20,-0.026766609304708207
2023-06-21,0.007286297390777054
2023-06-22,0.01219775286129313
2023-06-23,0.015071262465785915
2023-06-26,-0.04167232304599369
2023-06-27,0.02702727876276173
2023-06-28,0.008034572943910943
2023-06-29,0.018812850656921575
2023-06-30,0.011697642889621848
2023-07-03,0.0036667682951565255
2023-07-05,0.02194512785208582
2023-07-06,-0.005429075093476259
2023-07-07,0.04020719764513113
2023-07-10,-0.00254732839935316
2023-07-11,0.01924582704023965
2023-07-12,0.07343781971339691
2023-07-13,0.005477346872396734
2023-07-14,-0.01782331393006474
2023-07-17,0.0015740503749665131
2023-07-18,-0.008554898376877066
2023-07-19,0.017655030913125612
2023-07-20,-0.051477692536466176
2023-07-21,-0.01259480215216232
2023-07-24,0.012164639471261875
2023-07-25,0.0041892078804099606
2023-07-26,0.027545392594293453
2023-07-27,-0.03533501484731301
2023-07-28,0.02650266410305676
2023-07-31,0.0443493699471215
2023-08-01,-0.009812013991797909
2023-08-02,-0.04224944065414879
2023-08-03,0.0019159979101937867
2023-08-04,-0.030535739427800853
2023-08-07,-0.02336739901045759
2023-08-08,-0.07026378094299754
2023-08-09,-0.015297207863782133
2023-08-10,0.007363287650879817
2023-08-11,-0.001011644614267559
2023-08-14,0.0022371751874905566
2023-08-15,-0.025229172849288113
2023-08-16,-0.008178623358827498
2023-08-17,-0.015848199712199716
2023-08-18,0.0022234823357003665
2023-08-21,-0.014785740335137559
2023-08-22,-0.0009500814871318359
2023-08-23,0.007201985655563158
2023-08-24,-0.017702755349349654
2023-08-25,0.014728008796310959
2023-08-28,0.02334155638080912
2023-08-29,0.01621352059311749
2023-08-30,0.021189221544086777
2023-08-31,-0.023745856084702182
2023-09-01,0.014528348526374552
2023-09-05,-0.010832906175985434
2023-09-06,-0.03139843255484638
2023-09-07,-0.021448075210120505
2023-09-08,-0.014123868284688776
2023-09-11,-0.005629332642400215
2023-09-12,-0.005022105296597357
2023-09-13,-0.031288580117354865
2023-09-14,0.014233133983838731
2023-09-15,-0.00836759688542328
2023-09-18,-0.00011291213306451227
2023-09-19,0.0060343411598028085
2023-09-20,-0.009283271770216485
2023-09-21,-0.023781310605651224
2023-09-22,-0.013119509195197589
2023-09-25,-0.004936300110486175
2023-09-26,-0.013078536564487365
2023-09-27,0.002732081774706939
2023-09-28,-0.001941446834617892
2023-09-29,0.010677923205714757
2023-10-02,-0.012914593908222641
2023-10-03,-0.03364821393685162
2023-10-04,-0.009338343250780149
2023-10-05,-0.013943309514232801
2023-10-06,0.011582315394386325
2023-10-09,-0.011940460986366384
2023-10-10,0.034109351153044434
2023-10-11,0.02057275971433221
2023-10-12,-0.027565207915439604
2023-10-13,0.014606465185952175
2023-10-16,0.009101839017042925
2023-10-17,-0.027512217540434824
2023-10-18,-0.019425945463494732
2023-10-19,-0.04560306300666115
2023-10-20,-0.04809250129130438
2023-10-23,-0.04038250260733969
2023-10-24,-0.010934532205068877
2023-10-25,-0.04403113242395745
2023-10-26,-0.012936959598981595
2023-10-27,0.029974235662049153
2023-10-30,-0.0016780707741626925
2023-10-31,0.009196014460305898
2023-11-01,0.004035956466213953
2023-11-02,0.10431659227725427
2023-11-03,-0.003264800418141269
2023-11-06,-0.0008906523536771948
2023-11-07,0.013751364793291724
2023-11-08,-0.022765780856933333
2023-11-09,0.011830688236295756
2023-11-10,0.0203871242575288
2023-11-13,-0.042632272831255626
2023-11-14,0.03496285288014013
2023-11-15,0.039374197819835886
2023-11-16,-0.020969888412161783
2023-11-17,-0.014897932827694057
2023-11-20,0.0037753971641210867
2023-11-21,-0.028103228492143667
2023-11-22,0.02350336497949608
2023-11-24,0.008953629297167984
2023-11-27,-0.02312819601696342
2023-11-28,0.01896508550841451
2023-11-29,0.012643819432120321
2023-11-30,0.03193314026155133
2023-12-01,0.022938559415563255
2023-12-04,0.06553233574168076
2023-12-05,0.024541802953132134
2023-12-06,0.04396015195407986
2023-12-07,-0.024645198307279577
2023-12-08,0.003065586988217659
2023-12-11,0.041430623597319034
2023-12-12,0.03521651002719651
2023-12-13,0.002358096028136237
2023-12-14,0.0057568944989152175
2023-12-15,-0.027983511037143628
2023-12-18,-0.008761568172187428
2023-12-19,0.009844748087076307
2023-12-20,-0.04746199509340332
2023-12-21,0.00904993751431017
2023-12-22,-0.026126335565970944
2023-12-26,-0.009378698931210704
2023-12-27,-0.006123190116561974
2023-12-28,0.0022633214772020604
2023-12-29,0.007888150016383608
2024-01-02,-0.05825198356335526
2024-01-03,0.0007014625332651203
2024-01-04,-0.0006494406315925407
2024-01-05,0.003541052294241794
2024-01-08,0.018484660604699017
2024-01-09,-0.026194879804450077
2024-01-10,0.00968492588087537
2024-01-11,-0.03256629700076431
2024-01-12,-0.010347027836034133
2024-01-16,-0.024916821984660668
2024-01-17,-0.0032319226481979275
2024-01-18,0.02365334961473705
2024-01-19,0.0027626734411126674
2024-01-22,2.1085921091314012e-05
2024-01-23,-0.02603883800532541
2024-01-24,0.0005417993534540136
2024-01-25,0.014081087195055589
2024-01-26,0.0028342154932713857
2024-01-29,-0.00604021842991103
2024-01-30,-0.02886555684193408
2024-01-31,-0.024448291451294568
2024-02-01,0.011927671102359073
2024-02-02,-0.02249277986200916
2024-02-05,-0.01900980138273418
2024-02-06,0.003390283371714973
2024-02-07,0.007794718810202476
2024-02-08,0.026790502292888402
2024-02-09,0.0455338469936941
2024-02-12,-0.018730246039640297
2024-02-13,-0.03720533605011238
2024-02-14,0.010217827599667382
2024-02-15,0.04523916135941065
2024-02-16,-0.01749048794530028
2024-02-20,0.005933044218748447
2024-02-21,0.012717561915979836
2024-02-22,0.02292000033817723
2024-02-23,0.010586741826256962
2024-02-26,-0.027186787592600063
2024-02-27,0.008768932863381085
2024-02-28,0.15363778997407954
2024-02-29,0.04287334569304232
2024-03-01,-0.0469029280328498
2024-03-04,-0.07828293192403298
2024-03-05,-0.021417516289027924
2024-03-06,-0.022061997133465218
2024-03-07,-0.006042707442259097
2024-03-08,0.01588840186310962
2024-03-11,-0.009876737879395749
2024-03-12,0.020753400055029365
2024-03-13,0.03579708519050731
2024-03-14,-0.0315025730934938
2024-03-15,0.015679927755114877
2024-03-18,-0.00829784469591071
2024-03-19,-0.014862908218816723
2024-03-20,0.02195375883496974
2024-03-21,-0.02560337495972387
2024-03-22,-0.010011784567640387
2024-03-25,-0.0021219572949322243
2024-03-26,0.01541180467279722
2024-03-27,0.014728149337878745
2024-03-28,-0.005782585486307808
2024-04-01,-0.036210646040365606
2024-04-02,-0.012638313273286683
2024-04-03,-0.0010037559138461128
2024-04-04,-0.00779094984869939
2024-04-05,-0.0032521600962159684
2024-04-08,-0.005328102997535129
2024-04-09,0.009771867637824118
2024-04-10,-0.03416473307454537
2024-04-11,0.011030393440536468
2024-04-12,-0.015734295540947067
2024-04-15,-0.022234842059906716
2024-04-16,-0.0038699590006913732
2024-04-17,-0.014107140078320961
2024-04-18,-0.005178730947430922
2024-04-19,-0.005177564442320644
2024-04-22,-0.017427528340301774
2024-04-23,-0.004334108166532413
2024-04-24,0.005373666012246917
2024-04-25,0.026115610234136312
2024-04-26,0.003133973437755875
2024-04-29,0.037673689639289944
2024-04-30,-0.004379842736675803
2024-05-01,-0.0022055610585545544
2024-05-02,0.04537877070638555
2024-05-03,0.09830119597866578
2024-05-06,-0.0044558940106424775
2024-05-07,0.004960620663098635
2024-05-08,-0.003405413396307476
2024-05-09,-0.06850270193131605
2024-05-10,0.005709589793682537
2024-05-13,0.06609281757447438
2024-05-14,0.0062285831812756405
2024-05-15,-0.015062283906960109
2024-05-16,-0.03160970855691443
2024-05-17,-0.0006319693111247458
2024-05-20,0.009052615099529673
2024-05-21,0.005110272438702988
2024-05-22,-0.002289290268310217
2024-05-23,-0.01867585517621408
2024-05-24,0.005988503008851807
2024-05-28,2.5796933889208978e-05
2024-05-29,0.0014848277608860555
2024-05-30,0.014663230165458313
2024-05-31,0.01913175798557785
2024-06-03,0.01596902236920674
2024-06-04,0.0008069927283292476
2024-06-05,-0.015259084642260987
2024-06-06,0.019089175047755508
2024-06-07,-0.007686507326459567
2024-06-10,-0.036956497628427835
2024-06-11,0.03199018926698473
2024-06-12,0.008252972153768828
2024-06-13,-0.014699054389106254
2024-06-14,-0.015995686172988834
2024-06-17,-0.0026625446761030704
2024-06-18,-0.013243797999707218
2024-06-20,0.003860042818826263
2024-06-21,-0.009774378069390226
2024-06-24,0.014084734737503251
2024-06-25,-0.010064587453036794
2024-06-26,0.0019375219009738695
2024-06-27,0.03620994805981249
2024-06-28,-0.017659520145189095
2024-07-01,0.017285216969231285
2024-07-02,0.02080828180290598
2024-07-03,-0.0037988292507214385
2024-07-05,0.03226317896962751
2024-07-08,-0.019753686445423028
2024-07-09,-0.013173819238668248
2024-07-10,0.0262240585970236
2024-07-11,-0.00986412884504144
2024-07-12,0.012358842194722351
2024-07-15,-0.008043994337915895
2024-07-16,0.061094549556530986
2024-07-17,-0.0341963967154348
2024-07-18,-0.06275655581126609
2024-07-19,-0.023543969908704884
2024-07-22,0.0017359277582624886
2024-07-23,0.0022938814374162788
2024-07-24,-0.020701831044689825
2024-07-25,-0.014110439044610668
2024-07-26,0.027710410994222327
2024-07-29,-0.01816548300966735
2024-07-30,0.011435736742667405
2024-07-31,0.018979776022008548
2024-08-01,-0.019581286474354108
2024-08-02,-0.04155449400954741
2024-08-05,-0.05366297309177815
2024-08-06,-0.0018624863054865224
2024-08-07,0.0003336666230545479
2024-08-08,0.1338662202684183
2024-08-09,-0.004228522005376438
2024-08-12,-0.03567356705086481
2024-08-13,-0.015824560145970182
2024-08-14,0.013717358284507684
2024-08-15,0.04031289630629459
2024-08-16,0.002895863431275453
2024-08-19,0.0029807922005683713
2024-08-20,-0.010226485093116595
2024-08-21,0.02935634188010223
2024-08-22,-0.00883680665978075
2024-08-23,0.038112876303136894
2024-08-26,-0.015936569055178013
2024-08-27,-0.0287176720642813
2024-08-28,-0.008303211457754272
2024-08-29,0.02900445401438736
2024-08-30,-0.021852249271173525
2024-09-03,-0.020871104876792626
2024-09-04,-0.007627559192686745
2024-09-05,0.025706397601023646
2024-09-06,-0.027281823667461062
2024-09-09,-0.0006633213697797194
2024-09-10,0.01464675266075847
2024-09-11,0.012366391739035398
2024-09-12,0.010158383468385133
2024-09-13,-0.003835656683786931
2024-09-16,-0.022564311972785814
2024-09-17,0.013519323975300854
2024-09-18,0.00799158951525695
2024-09-19,0.021383667662282363
2024-09-20,0.0009880766509468067
2024-09-23,-0.0029063885148511324
2024-09-24,0.03561745130556815
2024-09-25,-0.005160541783594191
2024-09-26,0.05166498700490651
2024-09-27,-0.01598287842607486
2024-09-30,-0.015913481934187394
2024-10-01,-0.04288247837512123
2024-10-02,0.025970284733999715
2024-10-03,-0.020661722782331693
2024-10-04,-0.002286011715580371
2024-10-07,-0.024568668878472484
2024-10-08,0.027010730926889867
2024-10-09,0.010542091854085799
2024-10-10,-0.01050882129694165
2024-10-11,0.014455258691457005
2024-10-14,0.011163358972638282
2024-10-15,0.0030833805530796066
2024-10-16,-0.00355733827764505
2024-10-17,-0.018534591615658017
2024-10-18,0.008415787348041754
2024-10-21,-0.004910862231312967
2024-10-22,0.007648543169345198
2024-10-23,-0.027337560112001003
2024-10-24,0.021048514952214045
2024-10-25,-0.0085107751072524
2024-10-28,0.025217722024760303
2024-10-29,-0.021942352928865157
2024-10-30,-0.01640668708547164
2024-10-31,-0.016347217900741905
2024-11-01,-0.006497597724607002
2024-11-04,-0.006168560303569019
2024-11-05,0.03192210501038396
2024-11-06,0.014411114208876643
2024-11-07,-0.04697796945807324
2024-11-08,-0.04168283595957898
2024-11-11,-0.015395894260090894
2024-11-12,-0.021319837325578808
2024-11-13,0.024190710507410177
2024-11-14,0.009645047511623449
2024-11-15,-0.022321144585003734
2024-11-18,-0.013304429436397034
2024-11-19,-0.005645024041180498
2024-11-20,0.02979957831775496
2024-11-21,-0.014908867214263717
2024-11-22,-0.00934202559641164
2024-11-25,0.04398377241224048
2024-11-26,-0.0031806933631096327
2024-11-27,-0.01212452742312027
2024-11-29,-0.0020805877717981237
2024-12-02,0.0026082596046703163
2024-12-03,-0.0040473334057525455
2024-12-04,-0.0202908674003132
2024-12-05,-0.01857057222032133
2024-12-06,0.006422009301476421
2024-12-09,2.1106635549893865e-05
2024-12-10,-0.03445654189145081
2024-12-11,-0.02217026091377485
2024-12-12,-0.008572934699276483
2024-12-13,-0.008807605215525594
2024-12-16,-0.011551368130667697
2024-12-17,0.0171448638832342
2024-12-18,-0.030641010326625397
2024-12-19,-0.03014852673288586
2024-12-20,0.030173863973959283
2024-12-23,6.104964387170994e-05
2024-12-24,0.007058797773655912
2024-12-26,0.041835016904584015
2024-12-27,0.02685669054306025
2024-12-30,-0.03402782860546684
2024-12-31,-0.016684069801403505
2025-01-02,-0.000612672438828411
2025-01-03,0.020241052989041292
2025-01-06,-0.009438564188389724
2025-01-07,-0.02516430844493328
2025-01-08,-0.020742421102544352
2025-01-10,-0.011793749340541131
2025-01-13,-0.0008054186544471861
2025-01-14,-0.0023379214610875576
2025-01-15,0.05746210364347784
2025-01-16,0.007247245119615855
2025-01-17,-0.00853093522324576
2025-01-21,-0.025630052767721418
2025-01-22,-0.010152386886745463
2025-01-23,0.02058046048695711
2025-01-24,-0.0006672464245139724
2025-01-27,0.02307872035300046
2025-01-28,-0.0006680401814925414
2025-01-29,0.008674915208443537
2025-01-30,0.0014508539049751684
2025-01-31,-0.01707733127812189
2025-02-03,-0.03848980542543834
2025-02-04,0.0170165747354072
2025-02-05,0.0032962980125684138
2025-02-06,0.009496546199794995
2025-02-07,-0.01302722970621603
2025-02-10,0.005792254402743535
2025-02-11,-0.007373177222023309
2025-02-12,0.008939416059883895
2025-02-13,0.014973685569776275
2025-02-14,0.018126962426933596
2025-02-18,0.057921812277170845
2025-02-19,-0.00848503770081627
2025-02-20,-0.02645439542491298
2025-02-21,-0.008067714621347925
2025-02-24,-0.017238075705505645
2025-02-25,-0.018641868356856276
2025-02-26,-0.03519645317154878
2025-02-27,-0.06074284813976702
2025-02-28,0.0061490862754205525
2025-03-03,-0.02063774275459468
2025-03-04,0.02055537927466664
2025-03-05,-0.0035562984217637115
2025-03-06,-0.01039686702959241
2025-03-07,0.04182323950609833
2025-03-10,-0.038920319631396944
2025-03-11,-0.03778096852664118
2025-03-12,0.027575014509685688
2025-03-13,-0.02259622649814334
2025-03-14,0.024413786053934593
2025-03-17,0.020753474482164844
2025-03-18,-0.0015442741500180824
2025-03-19,7.917081638154477e-05
2025-03-20,-0.005518133184991948
2025-03-21,0.021304087527613785
2025-03-24,-0.02325775597831959
2025-03-25,0.005169965910081488
2025-03-26,-0.020145282155761893
2025-03-27,0.01615802386530047
2025-03-28,-0.0392352609665038
2025-03-31,-0.00513969496856535
2025-04-01,0.005683778413913961
2025-04-02,0.0048616744131267245
2025-04-03,-0.0815991717988577
2025-04-04,-0.035663226416753506
2025-04-07,-0.012635368821532541
2025-04-08,-0.0648800543830069
2025-04-09,0.11708373620772243
2025-04-10,-0.05785323531476594
2025-04-11,0.025579446804609003
2025-04-14,0.008906354115132274
2025-04-15,-0.02929078804988439
2025-04-16,-0.017047030828047514
2025-04-17,0.046724484376357484
2025-04-21,-0.02614224280182559
2025-04-22,0.006147582640389705
2025-04-23,0.007022764250721742
2025-04-24,0.0011284424845160977
2025-04-25,0.00013406205743777058
2025-04-28,-0.014074593467823871
2025-04-29,0.012871640557382517
2025-04-30,-0.0031156449992490545
2025-05-01,0.008066022471722414
2025-05-02,-0.017263472561941145
2025-05-05,-0.0062544979984382
2025-05-06,-0.008914686073934775
2025-05-07,-0.0015172522498158435
2025-05-08,-0.03712160691969924
2025-05-09,-0.010518400425853034
2025-05-12,0.037616804421934935
2025-05-13,0.04918453386864756
2025-05-14,-0.009517499523269564
2025-05-15,-0.002027850848217189
2025-05-16,0.06158957129403225
2025-05-19,-0.0020564398636804594
2025-05-20,0.028449238080987538
2025-05-21,-0.01300222200758867
2025-05-22,-0.006943541017803544
2025-05-23,-0.028742525354699386
2025-05-27,0.06255305594518279
2025-05-28,-0.01580336208329863
2025-05-29,-0.009574928631958345
2025-05-30,-0.006366523154496793
2025-06-02,0.03344516302707547
2025-06-03,0.015303613084743733
2025-06-04,0.010158825719124472
2025-06-05,-0.03828281499148878
2025-06-06,0.055062377257029504
2025-06-09,0.010994481524120726
2025-06-10,-1.4717272817603606e-05
2025-06-11,-0.013884372520495134
2025-06-12,-0.015586868170537694
2025-06-13,-0.02393452464581659
2025-06-16,0.02753289560387021
2025-06-17,-0.008402946011353423
2025-06-18,0.017873955885868677
2025-06-20,0.01702754956293248
2025-06-23,0.0027061187028093775
2025-06-24,-0.008852355191766005
2025-06-25,-0.008938740424118576
2025-06-26,0.012485053475006612
2025-06-27,0.0016924228014110617
2025-06-30,0.02040535340775159
2025-07-01,0.00046640197637243946
2025-07-02,0.03012137725136849
2025-07-03,0.0011300305464322302
2025-07-07,-0.016831782371481842
2025-07-08,0.010324874888466371
2025-07-09,-0.007353160391654531
2025-07-10,0.014583129024066378
2025-07-11,-0.014260072561106967
2025-07-14,-0.013160637476952034
2025-07-15,-0.028371406954575695
2025-07-16,0.014989590032001846
2025-07-17,0.02413905291633629
2025-07-18,0.0027024998064940397
2025-07-21,0.0905618432260676
2025-07-22,0.01936888451884019
2025-07-23,0.006690743487132663
2025-07-24,-0.052200531748402765
2025-07-25,-0.02758202692393102
2025-07-28,-0.03468714495529088
2025-07-29,-0.02593943894927468
2025-07-30,-0.008274590392423023
2025-07-31,-0.034989161380568415
2025-08-01,-0.040793385550157976
2025-08-04,0.030816662229916074
2025-08-05,0.010763836700736395
2025-08-06,-0.004745642736400161
2025-08-07,-0.005431615865645058
2025-08-08,-0.004809941750001684
2025-08-11,0.0036003614960914854
2025-08-12,0.009102811447500234
2025-08-13,0.02661663996492928
2025-08-14,-0.006586405666708768
2025-08-15,-0.040941702308151175
2025-08-18,-0.011376325324406106
2025-08-19,-0.014829558032162899
2025-08-20,-0.020036227282488307
2025-08-21,-0.006641271536670385
2025-08-22,0.019043298246164613
2025-08-25,0.02789430547343302
2025-08-26,-0.015087412029870528
2025-08-27,0.023028171897788406
2025-08-28,-0.005464942815958406
2025-08-29,-0.008926302641534576
2025-09-02,-0.03165754539023416
2025-09-03,0.00786267856126643
2025-09-04,0.009291794895956867
2025-09-05,0.023721850722528363
2025-09-08,0.010837468379903391
2025-09-09,0.002832210851281323
2025-09-10,-0.03359968483237793
2025-09-11,0.029551555021029886
2025-09-12,0.024307549405734315
2025-09-15,0.02836512168371625
2025-09-16,-0.013418232261656516
2025-09-17,0.00549491611307775
2025-09-18,0.005210329889532915
2025-09-19,0.026735709985248986
2025-09-22,0.022891021587725442
2025-09-23,-0.001354374107885245
2025-09-24,0.004882851492264743
2025-09-25,-0.0034844879239707503
2025-09-26,0.0009234698407420317
2025-09-29,-0.1865442689625312
2025-09-30,0.020027209825615906
2025-10-01,0.11506622775903132
2025-10-02,0.00763960565861989
2025-10-03,0.05429863225797612
2025-10-06,-0.046240271222623454
2025-10-07,-0.03734502194190834
2025-10-08,-0.020412799360977046
2025-10-09,-0.03463067314159024
2025-10-10,-0.006521698889075927
2025-10-13,-0.24296342282120875
2025-10-14,-0.12511570283146317
2025-10-15,-0.06948413114402269
2025-10-16,-0.11804636398305453
2025-10-17,0.13331869387806192
2025-10-20,0.6707258219938177
2025-10-21,0.7479419501437843
2025-10-22,-0.013687216780448399
2025-10-23,-0.10342600326994005
2025-10-24,-0.11167912093939196
2025-10-27,-0.07649850675925926
2025-10-28,0.04690208000146223
2025-10-29,-0.03234290201994282
2025-10-30,-0.05089310761717493
2025-10-31,-0.00030931535806127345
2025-11-03,-0.08416374381287114
2025-11-04,-0.020244494432474662
2025-11-05,-0.022858245762163613
2025-11-06,-0.032840717451977544
2025-11-07,0.08347530464523623
2025-11-10,-0.016145121311143266
2025-11-11,-0.03516570221102724
2025-11-12,-0.047118518982487465
2025-11-13,-0.04902390377782267
2025-11-14,0.03442757210129351
2025-11-17,-0.027806154006686495
2025-11-18,-0.019679146036369482
2025-11-19,-0.010207897130300268
2025-11-20,-0.05444214273932602
2025-11-21,-0.0008166676060231883
2025-11-24,0.008576464350946127
2025-11-25,-0.0016887222626264216
2025-11-26,0.09816032371944819
2025-11-28,-0.016734551356246623
2025-12-01,0.19364201872856895
2025-12-02,-0.013715718556242613
2025-12-03,-0.019323632719096966
2025-12-04,-0.010026357159351408
2025-12-05,-0.011584014677663044
2025-12-08,-0.03505106283896909
2025-12-09,0.05250852155053673
2025-12-10,-0.009335277038669114
2025-12-11,-0.022076837160528016
2025-12-12,-0.03851226757502669
2025-12-15,-0.030759008650002168
2025-12-16,0.03035643687815079
2025-12-17,-0.01239476600738243
