Date,AAPL,BYND
2020-01-02,72.46826171875,75.63999938964844
2020-01-03,71.76372528076172,75.41000366210938
2020-01-06,72.33556365966797,74.58999633789062
2020-01-07,71.99535369873047,83.88999938964844
2020-01-08,73.15350341796875,81.4800033569336
2020-01-09,74.70735168457031,90.25
2020-01-10,74.87620544433594,96.06999969482422
2020-01-13,76.47589874267578,114.33999633789062
2020-01-14,75.44322967529297,117.05000305175781
2020-01-15,75.11991119384766,107.08000183105469
2020-01-16,76.0609130859375,110.4000015258789
2020-01-17,76.90298461914062,109.12000274658203
2020-01-21,76.3818130493164,129.17999267578125
2020-01-22,76.65446472167969,122.4000015258789
2020-01-23,77.02360534667969,118.63999938964844
2020-01-24,76.8016357421875,119.48999786376953
2020-01-27,74.54326629638672,124.75
2020-01-28,76.65205383300781,120.12000274658203
2020-01-29,78.25655364990234,114.87999725341797
2020-01-30,78.14315795898438,117.29000091552734
2020-01-31,74.67839050292969,110.41999816894531
2020-02-03,74.4732894897461,106.0
2020-02-04,76.93193817138672,110.43000030517578
2020-02-05,77.55926513671875,110.16999816894531
2020-02-06,78.4664535522461,111.88999938964844
2020-02-07,77.39988708496094,116.44000244140625
2020-02-10,77.76749420166016,119.7300033569336
2020-02-11,77.29830169677734,117.13999938964844
2020-02-12,79.13398742675781,114.7300033569336
2020-02-13,78.57044982910156,112.01000213623047
2020-02-14,78.58981323242188,116.22000122070312
2020-02-18,77.15081024169922,122.02999877929688
2020-02-19,78.26815032958984,126.0999984741211
2020-02-20,77.46517944335938,120.58000183105469
2020-02-21,75.71176147460938,117.44999694824219
2020-02-24,72.11543273925781,113.95999908447266
2020-02-25,69.6727294921875,109.91999816894531
2020-02-26,70.77799987792969,112.51000213623047
2020-02-27,66.1513442993164,106.13999938964844
2020-02-28,66.1126480102539,89.6500015258789
2020-03-02,72.267822265625,96.0999984741211
2020-03-03,69.97261810302734,95.43000030517578
2020-03-04,73.21826171875,101.88999938964844
2020-03-05,70.84329986572266,95.87000274658203
2020-03-06,69.90249633789062,96.08999633789062
2020-03-09,64.3737564086914,87.95999908447266
2020-03-10,69.01004028320312,90.9800033569336
2020-03-11,66.61328887939453,82.63999938964844
2020-03-12,60.03492736816406,74.0
2020-03-13,67.22762298583984,73.05999755859375
2020-03-16,58.578975677490234,61.54999923706055
2020-03-17,61.154701232910156,60.31999969482422
2020-03-18,59.65763854980469,54.02000045776367
2020-03-19,59.200538635253906,57.33000183105469
2020-03-20,55.44215393066406,57.9900016784668
2020-03-23,54.26433181762695,57.54999923706055
2020-03-24,59.70841979980469,67.43000030517578
2020-03-25,59.3795166015625,73.0
2020-03-26,62.50422668457031,71.0999984741211
2020-03-27,59.91640853881836,66.12000274658203
2020-03-30,61.626312255859375,66.08999633789062
2020-03-31,61.50054168701172,66.5999984741211
2020-04-01,58.26457214355469,64.18000030517578
2020-04-02,59.23680877685547,57.95000076293945
2020-04-03,58.38548278808594,59.90999984741211
2020-04-06,63.47890090942383,65.91999816894531
2020-04-07,62.74365997314453,67.43000030517578
2020-04-08,64.34955596923828,69.47000122070312
2020-04-09,64.81391906738281,72.30000305175781
2020-04-13,66.08605194091797,76.66999816894531
2020-04-14,69.42361450195312,78.05000305175781
2020-04-15,68.78997039794922,74.69999694824219
2020-04-16,69.33655548095703,74.81999969482422
2020-04-17,68.39573669433594,76.91000366210938
2020-04-20,66.97607421875,79.12000274658203
2020-04-21,64.90583038330078,84.95999908447266
2020-04-22,66.77534484863281,88.45999908447266
2020-04-23,66.51656341552734,99.77999877929688
2020-04-24,68.43688201904297,108.77999877929688
2020-04-27,68.4852294921875,99.62999725341797
2020-04-28,67.37513732910156,99.5199966430664
2020-04-29,69.58808898925781,100.0999984741211
2020-04-30,71.05613708496094,98.98999786376953
2020-05-01,69.91217041015625,91.52999877929688
2020-05-04,70.90133666992188,95.16000366210938
2020-05-05,71.96548461914062,100.16000366210938
2020-05-06,72.70795440673828,126.20999908447266
2020-05-07,73.46012878417969,122.66000366210938
2020-05-08,75.2085952758789,133.50999450683594
2020-05-11,76.39204406738281,130.82000732421875
2020-05-12,75.51901245117188,136.92999267578125
2020-05-13,74.607177734375,134.50999450683594
2020-05-14,75.06553649902344,135.41000366210938
2020-05-15,74.62174224853516,134.16000366210938
2020-05-18,76.37991333007812,130.02999877929688
2020-05-19,75.93856811523438,136.1999969482422
2020-05-20,77.41542053222656,140.5
2020-05-21,76.83824157714844,138.11000061035156
2020-05-22,77.33296203613281,136.8000030517578
2020-05-26,76.80914306640625,132.8699951171875
2020-05-27,77.14378356933594,123.1500015258789
2020-05-28,77.17776489257812,120.81999969482422
2020-05-29,77.1025619506836,128.2899932861328
2020-06-01,78.05078887939453,138.69000244140625
2020-06-02,78.4121322631836,135.19000244140625
2020-06-03,78.84378814697266,134.22999572753906
2020-06-04,78.16476440429688,136.44000244140625
2020-06-05,80.39097595214844,133.52999877929688
2020-06-08,80.86628723144531,162.4600067138672
2020-06-09,83.41989135742188,153.9499969482422
2020-06-10,85.56605529785156,156.16000366210938
2020-06-11,81.4579849243164,143.50999450683594
2020-06-12,82.1612548828125,144.74000549316406
2020-06-15,83.17736053466797,154.0
2020-06-16,85.3817367553711,151.94000244140625
2020-06-17,85.26292419433594,156.33999633789062
2020-06-18,85.296875,158.1999969482422
2020-06-19,84.80944061279297,158.27999877929688
2020-06-22,87.02838134765625,159.6300048828125
2020-06-23,88.88597106933594,152.7899932861328
2020-06-24,87.31696319580078,151.3800048828125
2020-06-25,88.47613525390625,145.35000610351562
2020-06-26,85.75764465332031,141.67999267578125
2020-06-29,87.73406982421875,131.5500030517578
2020-06-30,88.46642303466797,133.97999572753906
2020-07-01,88.29911804199219,141.63999938964844
2020-07-02,88.29911804199219,140.72000122070312
2020-07-06,90.66112518310547,143.0
2020-07-07,90.37982177734375,143.11000061035156
2020-07-08,92.48478698730469,144.97999572753906
2020-07-09,92.88247680664062,141.22000122070312
2020-07-10,93.04495239257812,135.02999877929688
2020-07-13,92.61573028564453,125.9800033569336
2020-07-14,94.14837646484375,127.77999877929688
2020-07-15,94.79585266113281,131.75
2020-07-16,93.62942504882812,128.4499969482422
2020-07-17,93.44026184082031,128.27000427246094
2020-07-20,95.4094009399414,128.5
2020-07-21,94.09261322021484,129.9199981689453
2020-07-22,94.35693359375,130.57000732421875
2020-07-23,90.0621337890625,127.1500015258789
2020-07-24,89.83901977539062,125.08999633789062
2020-07-27,91.96822357177734,126.72000122070312
2020-07-28,90.4574203491211,125.43000030517578
2020-07-29,92.19132995605469,126.68000030517578
2020-07-30,93.30687713623047,123.31999969482422
2020-07-31,103.07505798339844,125.9000015258789
2020-08-03,105.67229461669922,134.32000732421875
2020-08-04,106.37801361083984,142.25
2020-08-05,106.76358032226562,132.69000244140625
2020-08-06,110.48845672607422,132.5800018310547
2020-08-07,107.9764175415039,131.50999450683594
2020-08-10,109.54585266113281,127.43000030517578
2020-08-11,106.28799438476562,125.5
2020-08-12,109.82038116455078,123.83000183105469
2020-08-13,111.76394653320312,126.98999786376953
2020-08-14,111.6643295288086,125.04000091552734
2020-08-17,111.37278747558594,125.5
2020-08-18,112.30083465576172,124.30999755859375
2020-08-19,112.44173431396484,125.3499984741211
2020-08-20,114.9367904663086,127.91999816894531
2020-08-21,120.85974884033203,126.0
2020-08-24,122.30525970458984,124.51000213623047
2020-08-25,121.30192565917969,124.51000213623047
2020-08-26,122.95149993896484,125.5199966430664
2020-08-27,121.48167419433594,132.14999389648438
2020-08-28,121.28490447998047,131.02000427246094
2020-08-31,125.39791107177734,135.85000610351562
2020-09-01,130.39283752441406,135.24000549316406
2020-09-02,127.69131469726562,129.6999969482422
2020-09-03,117.46824645996094,129.8000030517578
2020-09-04,117.54600524902344,125.81999969482422
2020-09-08,109.63573455810547,134.47000122070312
2020-09-09,114.00872802734375,138.1699981689453
2020-09-10,110.28680419921875,143.0399932861328
2020-09-11,108.8388900756836,134.8800048828125
2020-09-14,112.10404205322266,143.17999267578125
2020-09-15,112.27897644042969,146.47999572753906
2020-09-16,108.96521759033203,156.57000732421875
2020-09-17,107.2257308959961,157.22000122070312
2020-09-18,103.82452392578125,149.0399932861328
2020-09-21,106.97306823730469,148.8000030517578
2020-09-22,108.65423583984375,153.82000732421875
2020-09-23,104.09662628173828,150.57000732421875
2020-09-24,105.16557312011719,147.89999389648438
2020-09-25,109.11097717285156,155.02000427246094
2020-09-28,111.71533203125,151.3000030517578
2020-09-29,110.86991119384766,165.66000366210938
2020-09-30,112.54134368896484,166.05999755859375
2020-10-01,113.49369812011719,170.60000610351562
2020-10-02,109.83010864257812,166.24000549316406
2020-10-05,113.21186828613281,175.49000549316406
2020-10-06,109.96614837646484,181.86000061035156
2020-10-07,111.83195495605469,189.13999938964844
2020-10-08,111.7250747680664,193.3800048828125
2020-10-09,113.66861724853516,194.94500732421875
2020-10-12,120.88890075683594,192.3000030517578
2020-10-13,117.68205261230469,187.6199951171875
2020-10-14,117.76949310302734,188.72999572753906
2020-10-15,117.30306243896484,184.85000610351562
2020-10-16,115.66075897216797,183.5800018310547
2020-10-19,112.70655059814453,184.13999938964844
2020-10-20,114.19337463378906,176.2899932861328
2020-10-21,113.57142639160156,177.91000366210938
2020-10-22,112.48304748535156,172.1699981689453
2020-10-23,111.79307556152344,171.72999572753906
2020-10-26,111.80277252197266,164.5399932861328
2020-10-27,113.3090591430664,161.9499969482422
2020-10-28,108.06146240234375,156.0500030517578
2020-10-29,112.06517791748047,151.85000610351562
2020-10-30,105.7874984741211,142.42999267578125
2020-11-02,105.70004272460938,143.55999755859375
2020-11-03,107.32291412353516,146.35000610351562
2020-11-04,111.70561218261719,149.2899932861328
2020-11-05,115.67047882080078,157.0399932861328
2020-11-06,115.53905487060547,156.86000061035156
2020-11-09,113.23197937011719,150.5
2020-11-10,112.89125061035156,125.01000213623047
2020-11-11,116.31781768798828,127.88999938964844
2020-11-12,116.04525756835938,128.89999389648438
2020-11-13,116.09393310546875,124.73999786376953
2020-11-16,117.1063232421875,127.1500015258789
2020-11-17,116.22046661376953,129.89999389648438
2020-11-18,114.89656829833984,134.00999450683594
2020-11-19,115.49037170410156,137.4199981689453
2020-11-20,114.22489166259766,136.55999755859375
2020-11-23,110.82752990722656,140.9600067138672
2020-11-24,112.11249542236328,141.8300018310547
2020-11-25,112.94966888427734,139.5800018310547
2020-11-27,113.49480438232422,142.1999969482422
2020-11-30,115.88948822021484,139.89999389648438
2020-12-01,119.46206665039062,137.25
2020-12-02,119.8125,138.52999877929688
2020-12-03,119.67623138427734,139.35000610351562
2020-12-04,119.00454711914062,139.6199951171875
2020-12-07,120.4647216796875,136.94000244140625
2020-12-08,121.0780029296875,140.72000122070312
2020-12-09,118.54700469970703,136.92999267578125
2020-12-10,119.96824645996094,137.4600067138672
2020-12-11,119.16030883789062,138.6999969482422
2020-12-14,118.54700469970703,137.72999572753906
2020-12-15,124.48507690429688,137.61000061035156
2020-12-16,124.41693878173828,139.3699951171875
2020-12-17,125.28330993652344,143.22999572753906
2020-12-18,123.2974624633789,144.72999572753906
2020-12-21,124.82579040527344,138.57000732421875
2020-12-22,128.37887573242188,138.67999267578125
2020-12-23,127.48332214355469,139.9199981689453
2020-12-24,128.4665069580078,136.58999633789062
2020-12-28,133.06118774414062,126.44000244140625
2020-12-29,131.2894744873047,125.9000015258789
2020-12-30,130.17002868652344,126.48999786376953
2020-12-31,129.16737365722656,125.0
2021-01-04,125.97447967529297,125.56999969482422
2021-01-05,127.53197479248047,126.06999969482422
2021-01-06,123.23904418945312,117.62999725341797
2021-01-07,127.44440460205078,120.69999694824219
2021-01-08,128.54437255859375,118.0999984741211
2021-01-11,125.55587768554688,116.63999938964844
2021-01-12,125.38064575195312,120.51000213623047
2021-01-13,127.4151840209961,125.3499984741211
2021-01-14,125.48775482177734,142.47000122070312
2021-01-15,123.76471710205078,140.10000610351562
2021-01-19,124.43641662597656,141.63999938964844
2021-01-20,128.52490234375,135.2100067138672
2021-01-21,133.2364044189453,134.61000061035156
2021-01-22,135.3780517578125,140.6999969482422
2021-01-25,139.1258087158203,158.72999572753906
2021-01-26,139.35943603515625,186.8300018310547
2021-01-27,138.2886199951172,192.0800018310547
2021-01-28,133.4505615234375,179.7899932861328
2021-01-29,128.45675659179688,178.0800018310547
2021-02-01,130.57888793945312,177.97000122070312
2021-02-02,131.40635681152344,167.16000366210938
2021-02-03,130.38421630859375,168.2899932861328
2021-02-04,133.7426300048828,169.25
2021-02-05,133.32826232910156,168.9199981689453
2021-02-08,133.47450256347656,169.08999633789062
2021-02-09,132.59710693359375,166.66000366210938
2021-02-10,131.99261474609375,171.52999877929688
2021-02-11,131.7391815185547,175.66000366210938
2021-02-12,131.97311401367188,175.4499969482422
2021-02-16,129.8478546142578,173.0399932861328
2021-02-17,127.55681610107422,167.8699951171875
2021-02-18,126.45520782470703,167.08999633789062
2021-02-19,126.61116790771484,160.22000122070312
2021-02-22,122.83827209472656,150.86000061035156
2021-02-23,122.70178985595703,149.4199981689453
2021-02-24,122.20458221435547,152.0500030517578
2021-02-25,117.95399475097656,143.75
2021-02-26,118.21721649169922,145.47999572753906
2021-03-01,124.5833511352539,147.10499572753906
2021-03-02,121.98036193847656,139.66000366210938
2021-03-03,118.99713897705078,139.48500061035156
2021-03-04,117.11557006835938,136.4199981689453
2021-03-05,118.37320709228516,138.3000030517578
2021-03-08,113.4401626586914,135.3000030517578
2021-03-09,118.05148315429688,139.5800018310547
2021-03-10,116.9693374633789,138.61000061035156
2021-03-11,118.89965057373047,142.80999755859375
2021-03-12,117.99298858642578,142.4499969482422
2021-03-15,120.87870025634766,148.11000061035156
2021-03-16,122.41905975341797,139.1699981689453
2021-03-17,121.62939453125,139.19000244140625
2021-03-18,117.50553894042969,133.72000122070312
2021-03-19,116.97908782958984,139.38999938964844
2021-03-22,120.29376220703125,139.60000610351562
2021-03-23,119.46510314941406,137.10000610351562
2021-03-24,117.07656860351562,130.2100067138672
2021-03-25,117.56400299072266,129.72999572753906
2021-03-26,118.1684799194336,129.7100067138672
2021-03-29,118.34395599365234,126.66000366210938
2021-03-30,116.891357421875,126.12000274658203
2021-03-31,119.08489227294922,130.1199951171875
2021-04-01,119.91357421875,131.3800048828125
2021-04-05,122.74077606201172,131.58999633789062
2021-04-06,123.04300689697266,133.9499969482422
2021-04-07,124.69058990478516,130.2899932861328
2021-04-08,127.08887481689453,134.8699951171875
2021-04-09,129.6626434326172,130.3699951171875
2021-04-12,127.94677734375,132.25999450683594
2021-04-13,131.0567169189453,135.8300018310547
2021-04-14,128.71697998046875,135.17999267578125
2021-04-15,131.12498474121094,137.14999389648438
2021-04-16,130.79356384277344,137.30999755859375
2021-04-19,131.4564666748047,135.25
2021-04-20,129.76988220214844,131.47999572753906
2021-04-21,130.15008544921875,133.9499969482422
2021-04-22,128.6292266845703,132.8300018310547
2021-04-23,130.9495391845703,131.4199981689453
2021-04-26,131.3394775390625,132.05999755859375
2021-04-27,131.0177459716797,133.5
2021-04-28,130.2280731201172,134.22000122070312
2021-04-29,130.13058471679688,133.39999389648438
2021-04-30,128.16127014160156,131.67999267578125
2021-05-03,129.21414184570312,126.4000015258789
2021-05-04,124.641845703125,124.80000305175781
2021-05-05,124.88558197021484,121.56999969482422
2021-05-06,126.48442840576172,119.04000091552734
2021-05-07,127.15826416015625,110.7249984741211
2021-05-10,123.87699890136719,107.20999908447266
2021-05-11,122.95903778076172,109.63999938964844
2021-05-12,119.89263153076172,104.98999786376953
2021-05-13,122.04107666015625,101.5199966430664
2021-05-14,124.46294403076172,104.97000122070312
2021-05-17,123.31060028076172,102.51000213623047
2021-05-18,121.92388916015625,104.44999694824219
2021-05-19,121.76763153076172,103.80000305175781
2021-05-20,124.32622528076172,107.52999877929688
2021-05-21,122.49028778076172,106.58999633789062
2021-05-24,124.12113952636719,117.25
2021-05-25,123.92584228515625,119.66000366210938
2021-05-26,123.87699890136719,126.73999786376953
2021-05-27,122.34379577636719,142.61000061035156
2021-05-28,121.68952178955078,145.4199981689453
2021-06-01,121.36723327636719,135.19000244140625
2021-06-02,122.12893676757812,149.74000549316406
2021-06-03,120.64459228515625,143.05999755859375
2021-06-04,122.93950653076172,145.5500030517578
2021-06-07,122.94926452636719,152.44000244140625
2021-06-08,123.76958465576172,152.6999969482422
2021-06-09,124.15042877197266,150.14999389648438
2021-06-10,123.15435791015625,147.19000244140625
2021-06-11,124.36527252197266,149.4199981689453
2021-06-14,127.42194366455078,151.52999877929688
2021-06-15,126.60162353515625,145.25
2021-06-16,127.09966278076172,147.6300048828125
2021-06-17,128.70120239257812,149.61000061035156
2021-06-18,127.40241241455078,145.3699951171875
2021-06-21,129.1992950439453,147.2899932861328
2021-06-22,130.8398895263672,147.82000732421875
2021-06-23,130.5664520263672,147.44000244140625
2021-06-24,130.2832794189453,143.9199981689453
2021-06-25,129.9903106689453,148.00999450683594
2021-06-28,131.6211700439453,155.6999969482422
2021-06-29,133.1348114013672,155.8699951171875
2021-06-30,133.7500762939453,157.49000549316406
2021-07-01,134.0528106689453,152.99000549316406
2021-07-02,136.6797332763672,150.80999755859375
2021-07-06,138.69146728515625,145.55999755859375
2021-07-07,141.18173217773438,140.33999633789062
2021-07-08,139.8828887939453,139.22999572753906
2021-07-09,141.70901489257812,140.32000732421875
2021-07-12,141.1133270263672,138.8800048828125
2021-07-13,142.2266387939453,136.27999877929688
2021-07-14,145.65432739257812,127.97000122070312
2021-07-15,145.0000762939453,129.08999633789062
2021-07-16,142.9590606689453,124.94999694824219
2021-07-19,139.1113739013672,125.5199966430664
2021-07-20,142.7246856689453,130.60000610351562
2021-07-21,141.9922332763672,131.0
2021-07-22,143.3594207763672,128.10000610351562
2021-07-23,145.07821655273438,126.54000091552734
2021-07-26,145.49810791015625,125.97000122070312
2021-07-27,143.3301239013672,123.41999816894531
2021-07-28,141.5820770263672,126.20999908447266
2021-07-29,142.2266387939453,124.55999755859375
2021-07-30,142.4414825439453,122.69999694824219
2021-08-02,142.10946655273438,124.06999969482422
2021-08-03,143.9062957763672,122.55000305175781
2021-08-04,143.50592041015625,122.80000305175781
2021-08-05,143.6133270263672,121.81999969482422
2021-08-06,142.92872619628906,123.87999725341797
2021-08-09,142.87982177734375,130.32000732421875
2021-08-10,142.4005889892578,126.62999725341797
2021-08-11,142.65489196777344,124.76000213623047
2021-08-12,145.61827087402344,124.44000244140625
2021-08-13,145.82369995117188,121.23999786376953
2021-08-16,147.79930114746094,118.80999755859375
2021-08-17,146.88973999023438,117.69999694824219
2021-08-18,143.14389038085938,118.83999633789062
2021-08-19,143.47640991210938,115.08999633789062
2021-08-20,144.93368530273438,117.3499984741211
2021-08-23,146.4202880859375,121.48999786376953
2021-08-24,146.33224487304688,124.30000305175781
2021-08-25,145.09996032714844,122.31999969482422
2021-08-26,144.29794311523438,120.37000274658203
2021-08-27,145.3346710205078,121.5
2021-08-30,149.7553253173828,120.30000305175781
2021-08-31,148.49366760253906,119.63999938964844
2021-09-01,149.15872192382812,120.76000213623047
2021-09-02,150.27371215820312,119.73999786376953
2021-09-03,150.90943908691406,114.97000122070312
2021-09-07,153.24691772460938,113.7300033569336
2021-09-08,151.70162963867188,112.55000305175781
2021-09-09,150.6844940185547,114.12999725341797
2021-09-10,145.69656372070312,112.9000015258789
2021-09-13,146.2637939453125,112.94000244140625
2021-09-14,144.86520385742188,110.44999694824219
2021-09-15,145.7552490234375,110.80999755859375
2021-09-16,145.5205078125,108.25
2021-09-17,142.85049438476562,112.94999694824219
2021-09-20,139.799072265625,112.2699966430664
2021-09-21,140.27825927734375,112.2300033569336
2021-09-22,142.64511108398438,113.77999877929688
2021-09-23,143.6035614013672,112.87999725341797
2021-09-24,143.69158935546875,109.69000244140625
2021-09-27,142.17562866210938,113.37999725341797
2021-09-28,138.79168701171875,107.36000061035156
2021-09-29,139.6914825439453,106.31999969482422
2021-09-30,138.3907012939453,105.26000213623047
2021-10-01,139.51536560058594,105.08999633789062
2021-10-04,136.08255004882812,101.2300033569336
2021-10-05,138.00921630859375,100.66999816894531
2021-10-06,138.8797149658203,101.31999969482422
2021-10-07,140.14134216308594,104.41000366210938
2021-10-08,139.75994873046875,100.58000183105469
2021-10-11,139.67190551757812,101.70999908447266
2021-10-12,138.40048217773438,104.63999938964844
2021-10-13,137.81362915039062,104.98999786376953
2021-10-14,140.60101318359375,106.95999908447266
2021-10-15,141.6572723388672,105.63999938964844
2021-10-18,143.3297119140625,107.08000183105469
2021-10-19,145.4911651611328,107.47000122070312
2021-10-20,145.98016357421875,107.0999984741211
2021-10-21,146.19532775878906,108.62000274658203
2021-10-22,145.42269897460938,95.80000305175781
2021-10-25,145.373779296875,96.0
2021-10-26,146.0388641357422,94.37000274658203
2021-10-27,145.57920837402344,95.58999633789062
2021-10-28,149.2174530029297,100.18000030517578
2021-10-29,146.50830078125,98.9800033569336
2021-11-01,145.68675231933594,99.56999969482422
2021-11-02,146.72344970703125,99.19000244140625
2021-11-03,148.1611785888672,104.51000213623047
2021-11-04,147.64285278320312,102.5199966430664
2021-11-05,148.17172241210938,99.7699966430664
2021-11-08,147.34898376464844,98.27999877929688
2021-11-09,147.7113800048828,97.98999786376953
2021-11-10,144.88075256347656,94.4800033569336
2021-11-11,144.831787109375,81.93000030517578
2021-11-12,146.9082489013672,85.1500015258789
2021-11-15,146.91802978515625,83.81999969482422
2021-11-16,147.8974609375,83.4800033569336
2021-11-17,150.33631896972656,80.47000122070312
2021-11-18,154.6262969970703,78.37999725341797
2021-11-19,157.25123596191406,77.52999877929688
2021-11-22,157.71157836914062,75.62999725341797
2021-11-23,158.0935821533203,74.5
2021-11-24,158.61270141601562,75.55000305175781
2021-11-26,153.5880889892578,76.72000122070312
2021-11-29,156.94764709472656,74.5999984741211
2021-11-30,161.90365600585938,70.26000213623047
2021-12-01,161.3845672607422,66.26000213623047
2021-12-02,160.39527893066406,67.36000061035156
2021-12-03,158.51473999023438,64.61000061035156
2021-12-06,161.9232635498047,67.33999633789062
2021-12-07,167.66282653808594,71.25
2021-12-08,171.4827117919922,74.12999725341797
2021-12-09,170.973388671875,70.08999633789062
2021-12-10,175.76290893554688,64.51000213623047
2021-12-13,172.129150390625,63.41999816894531
2021-12-14,170.74810791015625,69.30999755859375
2021-12-15,175.61598205566406,66.79000091552734
2021-12-16,168.72059631347656,66.1500015258789
2021-12-17,167.62364196777344,69.23999786376953
2021-12-20,166.26222229003906,65.2699966430664
2021-12-21,169.43565368652344,70.2300033569336
2021-12-22,172.0312042236328,68.66000366210938
2021-12-23,172.65809631347656,67.98999786376953
2021-12-27,176.62484741210938,66.75
2021-12-28,175.606201171875,66.30999755859375
2021-12-29,175.69436645507812,63.2599983215332
2021-12-30,174.5386199951172,67.38999938964844
2021-12-31,173.92153930664062,65.16000366210938
2022-01-03,178.2703094482422,64.87000274658203
2022-01-04,176.00775146484375,61.619998931884766
2022-01-05,171.3260040283203,58.4900016784668
2022-01-06,168.46595764160156,67.05999755859375
2022-01-07,168.6325225830078,68.5199966430664
2022-01-10,168.65208435058594,66.62000274658203
2022-01-11,171.4827117919922,69.37999725341797
2022-01-12,171.92347717285156,67.62000274658203
2022-01-13,168.65208435058594,70.83000183105469
2022-01-14,169.51405334472656,66.58000183105469
2022-01-18,166.3112030029297,63.7599983215332
2022-01-19,162.81451416015625,63.20000076293945
2022-01-20,161.12989807128906,61.41999816894531
2022-01-21,159.07302856445312,61.599998474121094
2022-01-24,158.29925537109375,62.4900016784668
2022-01-25,156.49705505371094,61.20000076293945
2022-01-26,156.40892028808594,60.18000030517578
2022-01-27,155.94859313964844,56.560001373291016
2022-01-28,166.83030700683594,56.540000915527344
2022-01-31,171.18887329101562,65.12999725341797
2022-02-01,171.02236938476562,66.87999725341797
2022-02-02,172.22706604003906,64.0
2022-02-03,169.3474884033203,58.0099983215332
2022-02-04,169.0631103515625,58.68000030517578
2022-02-07,168.34718322753906,59.279998779296875
2022-02-08,171.45602416992188,59.900001525878906
2022-02-09,172.87806701660156,62.66999816894531
2022-02-10,168.79832458496094,61.4900016784668
2022-02-11,165.385498046875,59.869998931884766
2022-02-14,165.62081909179688,58.130001068115234
2022-02-15,169.4553985595703,62.0
2022-02-16,169.2200164794922,59.689998626708984
2022-02-17,165.62081909179688,56.209999084472656
2022-02-18,164.07135009765625,52.33000183105469
2022-02-22,161.1488494873047,50.540000915527344
2022-02-23,156.9808807373047,47.400001525878906
2022-02-24,159.59933471679688,49.0
2022-02-25,161.6686248779297,44.4900016784668
2022-02-28,161.93341064453125,46.779998779296875
2022-03-01,160.05044555664062,47.41999816894531
2022-03-02,163.34561157226562,45.900001525878906
2022-03-03,163.02197265625,46.40999984741211
2022-03-04,160.0210418701172,43.18000030517578
2022-03-07,156.22572326660156,42.310001373291016
2022-03-08,154.40158081054688,42.47999954223633
2022-03-09,159.8052978515625,44.5099983215332
2022-03-10,155.46080017089844,42.58000183105469
2022-03-11,151.74391174316406,38.7599983215332
2022-03-14,147.71322631835938,36.16999816894531
2022-03-15,152.096923828125,38.88999938964844
2022-03-16,156.51011657714844,43.959999084472656
2022-03-17,157.52023315429688,46.790000915527344
2022-03-18,160.81539916992188,50.279998779296875
2022-03-21,162.18836975097656,48.40999984741211
2022-03-22,165.56201171875,51.2599983215332
2022-03-23,166.92520141601562,50.099998474121094
2022-03-24,170.710693359375,50.58000183105469
2022-03-25,171.34811401367188,48.630001068115234
2022-03-28,172.21116638183594,49.13999938964844
2022-03-29,175.50631713867188,51.369998931884766
2022-03-30,174.33929443359375,48.9900016784668
2022-03-31,171.240234375,48.310001373291016
2022-04-01,170.946044921875,49.29999923706055
2022-04-04,174.99636840820312,51.439998626708984
2022-04-05,171.6815643310547,47.400001525878906
2022-04-06,168.51390075683594,43.560001373291016
2022-04-07,168.8179473876953,43.939998626708984
2022-04-08,166.80747985839844,43.11000061035156
2022-04-11,162.5512237548828,43.959999084472656
2022-04-12,164.42440795898438,43.58000183105469
2022-04-13,167.1114959716797,45.02000045776367
2022-04-14,162.10011291503906,43.0099983215332
2022-04-18,161.88438415527344,40.7599983215332
2022-04-19,164.16940307617188,42.34000015258789
2022-04-20,164.00267028808594,40.189998626708984
2022-04-21,163.20831298828125,38.5099983215332
2022-04-22,158.66766357421875,37.599998474121094
2022-04-25,159.73663330078125,38.47999954223633
2022-04-26,153.77398681640625,35.529998779296875
2022-04-27,153.54843139648438,38.220001220703125
2022-04-28,160.48196411132812,39.81999969482422
2022-04-29,154.60757446289062,36.880001068115234
2022-05-02,154.91160583496094,38.33000183105469
2022-05-03,156.4022674560547,38.900001525878906
2022-05-04,162.81602478027344,41.7599983215332
2022-05-05,153.74456787109375,38.43000030517578
2022-05-06,154.47132873535156,35.83000183105469
2022-05-09,149.3445587158203,31.155000686645508
2022-05-10,151.75076293945312,30.3700008392334
2022-05-11,143.8838653564453,26.170000076293945
2022-05-12,140.01419067382812,25.079999923706055
2022-05-13,144.4829559326172,31.239999771118164
2022-05-16,142.9409942626953,27.239999771118164
2022-05-17,146.5749053955078,26.959999084472656
2022-05-18,138.3052978515625,26.420000076293945
2022-05-19,134.89724731445312,25.5
2022-05-20,135.13294982910156,24.3700008392334
2022-05-23,140.5543670654297,24.670000076293945
2022-05-24,137.85348510742188,22.940000534057617
2022-05-25,138.01063537597656,25.979999542236328
2022-05-26,141.21240234375,26.170000076293945
2022-05-27,146.96774291992188,28.6299991607666
2022-05-31,146.18203735351562,26.450000762939453
2022-06-01,146.05438232421875,25.239999771118164
2022-06-02,148.50973510742188,27.40999984741211
2022-06-03,142.7838134765625,25.06999969482422
2022-06-06,143.53025817871094,25.020000457763672
2022-06-07,146.05438232421875,24.790000915527344
2022-06-08,145.31777954101562,25.049999237060547
2022-06-09,140.09275817871094,22.860000610351562
2022-06-10,134.68115234375,22.860000610351562
2022-06-13,129.52493286132812,22.270000457763672
2022-06-14,130.38917541503906,22.43000030517578
2022-06-15,133.0115203857422,25.559999465942383
2022-06-16,127.73741912841797,23.90999984741211
2022-06-17,129.2106170654297,23.719999313354492
2022-06-21,133.44366455078125,25.420000076293945
2022-06-22,132.93296813964844,25.389999389648438
2022-06-23,135.80081176757812,26.059999465942383
2022-06-24,139.13026428222656,25.420000076293945
2022-06-27,139.13026428222656,25.18000030517578
2022-06-28,134.98562622070312,23.780000686645508
2022-06-29,136.74365234375,24.360000610351562
2022-06-30,134.27847290039062,23.940000534057617
2022-07-01,136.4490203857422,25.65999984741211
2022-07-05,139.03201293945312,27.3799991607666
2022-07-06,140.3677978515625,29.030000686645508
2022-07-07,143.7365264892578,31.760000228881836
2022-07-08,144.4141845703125,31.950000762939453
2022-07-11,142.28294372558594,29.979999542236328
2022-07-12,143.25523376464844,30.670000076293945
2022-07-13,142.89187622070312,30.6200008392334
2022-07-14,145.8186492919922,29.920000076293945
2022-07-15,147.48831176757812,34.0099983215332
2022-07-18,144.44366455078125,34.68000030517578
2022-07-19,148.303466796875,37.560001373291016
2022-07-20,150.30703735351562,37.16999816894531
2022-07-21,152.57579040527344,37.9900016784668
2022-07-22,151.33828735351562,36.290000915527344
2022-07-25,150.2186737060547,33.439998626708984
2022-07-26,148.8927459716797,30.510000228881836
2022-07-27,153.9900360107422,32.439998626708984
2022-07-28,154.5400848388672,31.43000030517578
2022-07-29,159.60792541503906,31.989999771118164
2022-08-01,158.62579345703125,32.029998779296875
2022-08-02,157.15257263183594,33.279998779296875
2022-08-03,163.16329956054688,34.04999923706055
2022-08-04,162.8489990234375,31.389999389648438
2022-08-05,162.622802734375,38.2599983215332
2022-08-08,162.1507110595703,39.310001373291016
2022-08-09,162.1998748779297,37.04999923706055
2022-08-10,166.44863891601562,36.939998626708984
2022-08-11,165.71099853515625,36.65999984741211
2022-08-12,169.261474609375,36.689998626708984
2022-08-15,170.33349609375,35.70000076293945
2022-08-16,170.17616271972656,35.83000183105469
2022-08-17,171.6710662841797,34.709999084472656
2022-08-18,171.2776641845703,33.220001220703125
2022-08-19,168.6910400390625,29.170000076293945
2022-08-22,164.80616760253906,27.059999465942383
2022-08-23,164.47178649902344,26.079999923706055
2022-08-24,164.766845703125,26.219999313354492
2022-08-25,167.22560119628906,26.780000686645508
2022-08-26,160.92132568359375,24.790000915527344
2022-08-29,158.71827697753906,24.520000457763672
2022-08-30,156.2890167236328,24.520000457763672
2022-08-31,154.62686157226562,24.399999618530273
2022-09-01,155.3546905517578,24.56999969482422
2022-09-02,153.24012756347656,23.420000076293945
2022-09-06,151.9812469482422,21.719999313354492
2022-09-07,153.38768005371094,21.959999084472656
2022-09-08,151.9124298095703,21.690000534057617
2022-09-09,154.7744140625,22.549999237060547
2022-09-12,160.73443603515625,23.299999237060547
2022-09-13,151.30262756347656,21.1200008392334
2022-09-14,152.7483673095703,20.1299991607666
2022-09-15,149.8568878173828,19.549999237060547
2022-09-16,148.21441650390625,18.290000915527344
2022-09-19,151.9320831298828,17.059999465942383
2022-09-20,154.31214904785156,16.030000686645508
2022-09-21,151.18460083007812,15.899999618530273
2022-09-22,150.2207794189453,15.25
2022-09-23,147.94888305664062,15.6899995803833
2022-09-26,148.2832794189453,14.539999961853027
2022-09-27,149.25694274902344,14.729999542236328
2022-09-28,147.3686065673828,15.880000114440918
2022-09-29,140.12998962402344,14.430000305175781
2022-09-30,135.92059326171875,14.170000076293945
2022-10-03,140.1005096435547,14.529999732971191
2022-10-04,143.69029235839844,15.90999984741211
2022-10-05,143.9853515625,16.030000686645508
2022-10-06,143.0313262939453,15.140000343322754
2022-10-07,137.7794189453125,14.09000015258789
2022-10-10,138.10398864746094,13.649999618530273
2022-10-11,136.68771362304688,14.109999656677246
2022-10-12,136.05825805664062,14.199999809265137
2022-10-13,140.63160705566406,14.779999732971191
2022-10-14,136.09762573242188,13.345000267028809
2022-10-17,140.06114196777344,13.430000305175781
2022-10-18,141.3790740966797,13.5600004196167
2022-10-19,141.4872589111328,13.550000190734863
2022-10-20,141.0249786376953,12.899999618530273
2022-10-21,144.8409881591797,12.630000114440918
2022-10-24,146.9850311279297,12.460000038146973
2022-10-25,149.82737731933594,14.220000267028809
2022-10-26,146.8866729736328,14.800000190734863
2022-10-27,142.4117431640625,14.489999771118164
2022-10-28,153.17129516601562,15.520000457763672
2022-10-31,150.81088256835938,15.699999809265137
2022-11-01,148.16526794433594,15.319999694824219
2022-11-02,142.637939453125,14.75
2022-11-03,136.58938598632812,14.359999656677246
2022-11-04,136.32337951660156,13.90999984741211
2022-11-07,136.8553924560547,13.300000190734863
2022-11-08,137.42674255371094,13.020000457763672
2022-11-09,132.8655242919922,11.819999694824219
2022-11-10,144.6871795654297,14.199999809265137
2022-11-11,147.47512817382812,15.220000267028809
2022-11-14,146.07626342773438,15.539999961853027
2022-11-15,147.81007385253906,15.779999732971191
2022-11-16,146.57867431640625,14.489999771118164
2022-11-17,148.4800262451172,13.9399995803833
2022-11-18,149.04153442382812,13.449999809265137
2022-11-21,145.8102569580078,13.279999732971191
2022-11-22,147.94801330566406,12.720000267028809
2022-11-23,148.8247833251953,12.829999923706055
2022-11-25,145.90878295898438,12.720000267028809
2022-11-28,142.07659912109375,12.40999984741211
2022-11-29,139.07191467285156,12.920000076293945
2022-11-30,145.82997131347656,14.59000015258789
2022-12-01,146.10581970214844,14.319999694824219
2022-12-02,145.61322021484375,14.300000190734863
2022-12-05,144.4508056640625,13.6899995803833
2022-12-06,140.7860565185547,13.880000114440918
2022-12-07,138.84536743164062,15.600000381469727
2022-12-08,140.5299530029297,16.149999618530273
2022-12-09,140.04721069335938,14.869999885559082
2022-12-12,142.3426055908203,14.680000305175781
2022-12-13,143.3080291748047,14.520000457763672
2022-12-14,141.0816192626953,14.619999885559082
2022-12-15,134.4713134765625,13.779999732971191
2022-12-16,132.51087951660156,14.130000114440918
2022-12-19,130.40269470214844,13.319999694824219
2022-12-20,130.33375549316406,13.180000305175781
2022-12-21,133.43692016601562,13.260000228881836
2022-12-22,130.26480102539062,12.920000076293945
2022-12-23,129.90028381347656,12.789999961853027
2022-12-27,128.09750366210938,11.829999923706055
2022-12-28,124.16679382324219,11.34000015258789
2022-12-29,127.68374633789062,12.399999618530273
2022-12-30,127.99898529052734,12.3100004196167
2023-01-03,123.2112045288086,12.380000114440918
2023-01-04,124.48202514648438,12.869999885559082
2023-01-05,123.16194152832031,13.0
2023-01-06,127.693603515625,13.789999961853027
2023-01-09,128.21571350097656,14.039999961853027
2023-01-10,128.78707885742188,14.609999656677246
2023-01-11,131.5060577392578,15.920000076293945
2023-01-12,131.42726135253906,16.520000457763672
2023-01-13,132.7572021484375,15.930000305175781
2023-01-17,133.91966247558594,15.710000038146973
2023-01-18,133.2005157470703,14.579999923706055
2023-01-19,133.25961303710938,14.260000228881836
2023-01-20,135.8209686279297,15.119999885559082
2023-01-23,139.0128173828125,16.829999923706055
2023-01-24,140.41171264648438,15.979999542236328
2023-01-25,139.75169372558594,16.1299991607666
2023-01-26,141.82046508789062,16.190000534057617
2023-01-27,143.76116943359375,18.510000228881836
2023-01-30,140.87474060058594,16.450000762939453
2023-01-31,142.1455535888672,16.43000030517578
2023-02-01,143.26856994628906,16.969999313354492
2023-02-02,148.57850646972656,20.219999313354492
2023-02-03,152.20382690429688,19.420000076293945
2023-02-06,149.47499084472656,17.989999771118164
2023-02-07,152.35157775878906,17.190000534057617
2023-02-08,149.6621551513672,17.68000030517578
2023-02-09,148.62777709960938,16.25
2023-02-10,148.99281311035156,15.989999771118164
2023-02-13,151.79490661621094,16.15999984741211
2023-02-14,151.153564453125,15.520000457763672
2023-02-15,153.25511169433594,17.43000030517578
2023-02-16,151.65676879882812,17.100000381469727
2023-02-17,150.5122528076172,17.739999771118164
2023-02-21,146.4966278076172,16.399999618530273
2023-02-22,146.9208984375,17.100000381469727
2023-02-23,147.4043426513672,17.139999389648438
2023-02-24,144.75027465820312,18.8799991607666
2023-02-27,145.944091796875,18.770000457763672
2023-02-28,145.44093322753906,17.84000015258789
2023-03-01,143.36895751953125,16.940000534057617
2023-03-02,143.9609375,17.68000030517578
2023-03-03,149.01258850097656,18.709999084472656
2023-03-06,151.775146484375,18.079999923706055
2023-03-07,149.57496643066406,18.059999465942383
2023-03-08,150.82797241210938,18.18000030517578
2023-03-09,148.5784149169922,17.360000610351562
2023-03-10,146.51634216308594,17.270000457763672
2023-03-13,148.46005249023438,17.600000381469727
2023-03-14,150.5517120361328,17.799999237060547
2023-03-15,150.94638061523438,17.049999237060547
2023-03-16,153.76817321777344,16.850000381469727
2023-03-17,152.9295196533203,15.539999961853027
2023-03-20,155.29745483398438,15.170000076293945
2023-03-21,157.15237426757812,15.579999923706055
2023-03-22,155.72171020507812,15.0600004196167
2023-03-23,156.80703735351562,15.289999961853027
2023-03-24,158.1094207763672,16.270000457763672
2023-03-27,156.16571044921875,15.914999961853027
2023-03-28,155.5441436767578,15.680000305175781
2023-03-29,158.62245178222656,15.75
2023-03-30,160.19122314453125,15.890000343322754
2023-03-31,162.69728088378906,16.229999542236328
2023-04-03,163.95030212402344,16.34000015258789
2023-04-04,163.4175567626953,16.3700008392334
2023-04-05,161.57249450683594,15.970000267028809
2023-04-06,162.4605255126953,15.329999923706055
2023-04-10,159.8656005859375,15.210000038146973
2023-04-11,158.65203857421875,15.079999923706055
2023-04-12,157.96141052246094,14.680000305175781
2023-04-13,163.34848022460938,14.829999923706055
2023-04-14,163.00314331054688,14.819999694824219
2023-04-17,163.02288818359375,14.739999771118164
2023-04-18,164.24632263183594,14.819999694824219
2023-04-19,165.3907928466797,14.859999656677246
2023-04-20,164.4239044189453,13.930000305175781
2023-04-21,162.81568908691406,14.09000015258789
2023-04-24,163.1215362548828,13.989999771118164
2023-04-25,161.5823974609375,13.289999961853027
2023-04-26,161.57249450683594,12.960000038146973
2023-04-27,166.16038513183594,13.550000190734863
2023-04-28,167.41343688964844,13.539999961853027
2023-05-01,167.3246307373047,13.34000015258789
2023-05-02,166.28863525390625,12.850000381469727
2023-05-03,165.21322631835938,12.739999771118164
2023-05-04,163.5753936767578,12.829999923706055
2023-05-05,171.25146484375,12.90999984741211
2023-05-08,171.18238830566406,13.010000228881836
2023-05-09,169.4755096435547,12.239999771118164
2023-05-10,171.24160766601562,12.479999542236328
2023-05-11,171.42904663085938,10.199999809265137
2023-05-12,170.50033569335938,10.470000267028809
2023-05-15,170.00633239746094,10.680000305175781
2023-05-16,170.00633239746094,10.020000457763672
2023-05-17,170.61888122558594,10.90999984741211
2023-05-18,172.95059204101562,11.420000076293945
2023-05-19,173.0592803955078,10.710000038146973
2023-05-22,172.1107940673828,10.850000381469727
2023-05-23,169.50244140625,11.100000381469727
2023-05-24,169.77908325195312,11.4399995803833
2023-05-25,170.91529846191406,10.859999656677246
2023-05-26,173.32601928710938,10.350000381469727
2023-05-30,175.173583984375,10.300000190734863
2023-05-31,175.12423706054688,10.149999618530273
2023-06-01,177.93014526367188,10.170000076293945
2023-06-02,178.77987670898438,10.630000114440918
2023-06-05,177.42626953125,10.880000114440918
2023-06-06,177.0607147216797,11.069999694824219
2023-06-07,175.68739318847656,10.760000228881836
2023-06-08,178.40440368652344,12.880000114440918
2023-06-09,178.78973388671875,12.0600004196167
2023-06-12,181.58575439453125,12.380000114440918
2023-06-13,181.11154174804688,13.9399995803833
2023-06-14,181.7438507080078,13.539999961853027
2023-06-15,183.77915954589844,13.069999694824219
2023-06-16,182.70220947265625,12.859999656677246
2023-06-20,182.79112243652344,12.180000305175781
2023-06-21,181.75372314453125,12.420000076293945
2023-06-22,184.7572784423828,12.520000457763672
2023-06-23,184.44110107421875,12.90999984741211
2023-06-26,183.0480194091797,11.949999809265137
2023-06-27,185.80453491210938,12.40999984741211
2023-06-28,186.9803009033203,12.529999732971191
2023-06-29,187.31619262695312,12.970000267028809
2023-06-30,191.6436767578125,12.979999542236328
2023-07-03,190.1518096923828,13.170000076293945
2023-07-05,189.03533935546875,13.8100004196167
2023-07-06,189.50958251953125,13.630000114440918
2023-07-07,188.39312744140625,14.779999732971191
2023-07-10,186.3479766845703,14.859999656677246
2023-07-11,185.82432556152344,15.460000038146973
2023-07-12,187.49404907226562,17.549999237060547
2023-07-13,188.2548065185547,17.670000076293945
2023-07-14,188.4030303955078,17.040000915527344
2023-07-17,191.66343688964844,16.809999465942383
2023-07-18,191.40655517578125,16.549999237060547
2023-07-19,192.76011657714844,17.010000228881836
2023-07-20,190.81375122070312,15.460000038146973
2023-07-21,189.63800048828125,15.170000076293945
2023-07-24,190.43832397460938,15.470000267028809
2023-07-25,191.29788208007812,15.529999732971191
2023-07-26,192.1673126220703,16.299999237060547
2023-07-27,190.90267944335938,15.274999618530273
2023-07-28,193.4813690185547,15.869999885559082
2023-07-31,194.09390258789062,17.200000762939453
2023-08-01,193.2640380859375,16.940000534057617
2023-08-02,190.27035522460938,15.789999961853027
2023-08-03,188.87725830078125,15.960000038146973
2023-08-04,179.80734252929688,15.739999771118164
2023-08-07,176.7050323486328,15.279999732971191
2023-08-08,177.64361572265625,13.100000381469727
2023-08-09,176.0529327392578,12.819999694824219
2023-08-10,175.8355712890625,13.020000457763672
2023-08-11,175.89491271972656,12.989999771118164
2023-08-14,177.54714965820312,12.930000305175781
2023-08-15,175.55856323242188,12.430000305175781
2023-08-16,174.6879425048828,12.289999961853027
2023-08-17,172.1453399658203,12.079999923706055
2023-08-18,172.630126953125,12.100000381469727
2023-08-21,173.9656982421875,11.65999984741211
2023-08-22,175.34091186523438,11.550000190734863
2023-08-23,179.18942260742188,11.470000267028809
2023-08-24,174.49998474121094,11.359999656677246
2023-08-25,176.7062225341797,11.550000190734863
2023-08-28,178.26934814453125,11.979999542236328
2023-08-29,182.15745544433594,12.109999656677246
2023-08-30,185.6498565673828,12.390000343322754
2023-08-31,185.8674774169922,11.800000190734863
2023-09-01,187.4405517578125,12.039999961853027
2023-09-05,187.67799377441406,11.770000457763672
2023-09-06,180.9603729248047,11.449999809265137
2023-09-07,175.66737365722656,11.289999961853027
2023-09-08,176.28077697753906,10.9399995803833
2023-09-11,177.4481964111328,10.75
2023-09-12,174.4208221435547,10.819999694824219
2023-09-13,172.35311889648438,10.279999732971191
2023-09-14,173.86680603027344,10.479999542236328
2023-09-15,173.14456176757812,10.350000381469727
2023-09-18,176.072998046875,10.180000305175781
2023-09-19,177.1613006591797,10.239999771118164
2023-09-20,173.6194610595703,10.25
2023-09-21,172.0760955810547,9.859999656677246
2023-09-22,172.92689514160156,9.5600004196167
2023-09-25,174.20315551757812,9.399999618530273
2023-09-26,170.12709045410156,9.369999885559082
2023-09-27,168.61337280273438,9.5
2023-09-28,168.87062072753906,9.449999809265137
2023-09-29,169.38507080078125,9.619999885559082
2023-10-02,171.89797973632812,9.239999771118164
2023-10-03,170.5623779296875,8.699999809265137
2023-10-04,171.80897521972656,8.479999542236328
2023-10-05,173.045654296875,8.1899995803833
2023-10-06,175.59814453125,8.260000228881836
2023-10-09,177.0821533203125,8.0
2023-10-10,176.48854064941406,8.5600004196167
2023-10-11,177.88351440429688,8.84000015258789
2023-10-12,178.78382873535156,8.319999694824219
2023-10-13,176.9436492919922,8.640000343322754
2023-10-16,176.8150177001953,8.800000190734863
2023-10-17,175.26177978515625,8.399999618530273
2023-10-18,173.9656982421875,8.140000343322754
2023-10-19,173.58978271484375,7.429999828338623
2023-10-20,171.0372772216797,6.835000038146973
2023-10-23,171.15599060058594,6.289999961853027
2023-10-24,171.59132385253906,6.139999866485596
2023-10-25,169.2762451171875,5.690000057220459
2023-10-26,165.111083984375,5.679999828338623
2023-10-27,166.4269256591797,5.96999979019165
2023-10-30,168.4748992919922,5.880000114440918
2023-10-31,168.9497528076172,5.96999979019165
2023-11-01,172.1156463623047,5.909999847412109
2023-11-02,175.6773223876953,7.0
2023-11-03,174.76707458496094,6.989999771118164
2023-11-06,177.319580078125,6.880000114440918
2023-11-07,179.88197326660156,6.96999979019165
2023-11-08,180.94058227539062,6.619999885559082
2023-11-09,180.4656982421875,6.789999961853027
2023-11-10,184.65611267089844,6.909999847412109
2023-11-13,183.07110595703125,6.389999866485596
2023-11-14,185.68638610839844,6.739999771118164
2023-11-15,186.25103759765625,7.239999771118164
2023-11-16,187.93519592285156,6.880000114440918
2023-11-17,187.91531372070312,6.679999828338623
2023-11-20,189.6588897705078,6.670000076293945
2023-11-21,188.85646057128906,6.329999923706055
2023-11-22,189.52020263671875,6.599999904632568
2023-11-24,188.19273376464844,6.760000228881836
2023-11-27,188.014404296875,6.460000038146973
2023-11-28,188.61868286132812,6.679999828338623
2023-11-29,187.5983428955078,6.880000114440918
2023-11-30,188.1728973388672,7.289999961853027
2023-12-01,189.45082092285156,7.570000171661377
2023-12-04,187.65777587890625,8.609999656677246
2023-12-05,191.6104278564453,8.850000381469727
2023-12-06,190.52076721191406,9.65999984741211
2023-12-07,192.45248413085938,9.100000381469727
2023-12-08,193.87901306152344,9.09000015258789
2023-12-11,191.37266540527344,9.9399995803833
2023-12-12,192.88836669921875,10.550000190734863
2023-12-13,196.1079864501953,10.430000305175781
2023-12-14,196.25657653808594,10.539999961853027
2023-12-15,195.7216339111328,9.989999771118164
2023-12-18,194.05735778808594,9.899999618530273
2023-12-19,195.09750366210938,10.039999961853027
2023-12-20,193.0072784423828,9.210000038146973
2023-12-21,192.858642578125,9.380000114440918
2023-12-22,191.78875732421875,8.949999809265137
2023-12-26,191.24391174316406,8.8100004196167
2023-12-27,191.3429718017578,8.699999809265137
2023-12-28,191.76893615722656,8.720000267028809
2023-12-29,190.72877502441406,8.899999618530273
2024-01-02,183.90322875976562,8.1899995803833
2024-01-03,182.5262451171875,8.260000228881836
2024-01-04,180.20814514160156,8.350000381469727
2024-01-05,179.48497009277344,8.4399995803833
2024-01-08,183.82395935058594,8.550000190734863
2024-01-09,183.4078826904297,8.130000114440918
2024-01-10,184.4480743408203,8.239999771118164
2024-01-11,183.8536834716797,7.739999771118164
2024-01-12,184.18060302734375,7.570000171661377
2024-01-16,181.91201782226562,7.289999961853027
2024-01-17,180.97088623046875,7.28000020980835
2024-01-18,186.86524963378906,7.389999866485596
2024-01-19,189.76783752441406,7.320000171661377
2024-01-22,192.0760498046875,7.235000133514404
2024-01-23,193.35397338867188,6.820000171661377
2024-01-24,192.68032836914062,6.849999904632568
2024-01-25,192.3534393310547,7.050000190734863
2024-01-26,190.61981201171875,7.150000095367432
2024-01-29,189.93626403808594,7.090000152587891
2024-01-30,186.28076171875,6.820000171661377
2024-01-31,182.67481994628906,6.619999885559082
2024-02-01,185.11180114746094,6.690000057220459
2024-02-02,184.11126708984375,6.429999828338623
2024-02-05,185.9241485595703,6.130000114440918
2024-02-06,187.52899169921875,6.119999885559082
2024-02-07,187.63795471191406,6.210000038146973
2024-02-08,186.5581512451172,6.570000171661377
2024-02-09,187.3219451904297,7.130000114440918
2024-02-12,185.6356658935547,6.929999828338623
2024-02-13,183.54275512695312,6.5
2024-02-14,182.65994262695312,6.659999847412109
2024-02-15,182.37228393554688,7.260000228881836
2024-02-16,180.8348388671875,7.070000171661377
2024-02-20,180.09091186523438,7.179999828338623
2024-02-21,180.8447723388672,7.329999923706055
2024-02-22,182.87818908691406,7.579999923706055
2024-02-23,181.04315185546875,7.809999942779541
2024-02-26,179.69415283203125,7.449999809265137
2024-02-27,181.1522674560547,7.519999980926514
2024-02-28,179.95205688476562,9.829999923706055
2024-02-29,179.28746032714844,10.6899995803833
2024-03-01,178.206298828125,9.770000457763672
2024-03-04,173.6831817626953,8.510000228881836
2024-03-05,168.74346923828125,8.385000228881836
2024-03-06,167.75155639648438,8.069999694824219
2024-03-07,167.63255310058594,7.980000019073486
2024-03-08,169.34854125976562,8.149999618530273
2024-03-11,171.35220336914062,7.900000095367432
2024-03-12,171.8282928466797,8.199999809265137
2024-03-13,169.74530029296875,8.869999885559082
2024-03-14,171.6001739501953,8.229999542236328
2024-03-15,171.22323608398438,8.5
2024-03-18,172.3143310546875,8.3100004196167
2024-03-19,174.6552276611328,7.960000038146973
2024-03-20,177.2242889404297,8.1899995803833
2024-03-21,169.9833526611328,8.100000381469727
2024-03-22,170.88601684570312,7.900000095367432
2024-03-25,169.46759033203125,7.929999828338623
2024-03-26,168.33682250976562,8.220000267028809
2024-03-27,171.90765380859375,8.289999961853027
2024-03-28,170.0924530029297,8.279999732971191
2024-04-01,168.6542205810547,7.760000228881836
2024-04-02,167.4738311767578,7.619999885559082
2024-04-03,168.2772674560547,7.570000171661377
2024-04-04,167.45401000976562,7.489999771118164
2024-04-05,168.2078399658203,7.409999847412109
2024-04-08,167.0869598388672,7.380000114440918
2024-04-09,168.29710388183594,7.46999979019165
2024-04-10,166.42242431640625,7.050000190734863
2024-04-11,173.62367248535156,6.909999847412109
2024-04-12,175.12147521972656,6.639999866485596
2024-04-15,171.29266357421875,6.489999771118164
2024-04-16,168.00946044921875,6.559999942779541
2024-04-17,166.64064025878906,6.429999828338623
2024-04-18,165.6884002685547,6.400000095367432
2024-04-19,163.6649169921875,6.409999847412109
2024-04-22,164.4980926513672,6.159999847412109
2024-04-23,165.54954528808594,6.070000171661377
2024-04-24,167.65237426757812,6.059999942779541
2024-04-25,168.5153350830078,6.340000152587891
2024-04-26,167.93011474609375,6.400000095367432
2024-04-29,172.0961151123047,6.71999979019165
2024-04-30,168.9517822265625,6.78000020980835
2024-05-01,167.93011474609375,6.789999961853027
2024-05-02,171.6299285888672,7.25
2024-05-03,181.8961944580078,8.229999542236328
2024-05-06,180.2397003173828,8.229999542236328
2024-05-07,180.92408752441406,8.279999732971191
2024-05-08,181.26136779785156,8.210000038146973
2024-05-09,183.0765380859375,7.03000020980835
2024-05-10,181.81512451171875,7.15500020980835
2024-05-13,185.02333068847656,7.960000038146973
2024-05-14,186.16555786132812,8.010000228881836
2024-05-15,188.4401092529297,7.679999828338623
2024-05-16,188.55931091308594,7.199999809265137
2024-05-17,188.589111328125,7.190000057220459
2024-05-20,189.75120544433594,7.275000095367432
2024-05-21,191.05239868164062,7.300000190734863
2024-05-22,189.61216735839844,7.320000171661377
2024-05-23,185.61929321289062,7.199999809265137
2024-05-24,188.6983642578125,7.170000076293945
2024-05-28,188.70831298828125,7.170000076293945
2024-05-29,189.0062713623047,7.179999828338623
2024-05-30,189.99951171875,7.349999904632568
2024-05-31,190.9530487060547,7.590000152587891
2024-06-03,192.72103881835938,7.760000228881836
2024-06-04,193.0388946533203,7.760000228881836
2024-06-05,194.54861450195312,7.46999979019165
2024-06-06,193.1680145263672,7.800000190734863
2024-06-07,195.56175231933594,7.590000152587891
2024-06-10,191.8171844482422,7.179999828338623
2024-06-11,205.7525177001953,7.130000114440918
2024-06-12,211.63259887695312,7.050000190734863
2024-06-13,212.79469299316406,6.809999942779541
2024-06-14,211.0565185546875,6.650000095367432
2024-06-17,215.20834350585938,6.489999771118164
2024-06-18,212.84437561035156,6.389999866485596
2024-06-20,208.26547241210938,6.570000171661377
2024-06-21,206.0902557373047,6.510000228881836
2024-06-24,206.73587036132812,6.670000076293945
2024-06-25,207.65960693359375,6.510000228881836
2024-06-26,211.81138610839844,6.409999847412109
2024-06-27,212.65565490722656,6.840000152587891
2024-06-28,209.1990966796875,6.710000038146973
2024-07-01,215.2877960205078,6.75
2024-07-02,218.78402709960938,6.920000076293945
2024-07-03,220.05540466308594,6.829999923706055
2024-07-05,224.81307983398438,7.119999885559082
2024-07-08,226.28311157226562,6.800000190734863
2024-07-09,227.13729858398438,6.599999904632568
2024-07-10,231.40829467773438,6.820000171661377
2024-07-11,226.0347900390625,6.840000152587891
2024-07-12,228.98472595214844,6.920000076293945
2024-07-15,232.81869506835938,6.699999809265137
2024-07-16,233.23590087890625,7.489999771118164
2024-07-17,227.33596801757812,7.170000076293945
2024-07-18,222.66766357421875,6.429999828338623
2024-07-19,222.79678344726562,6.130000114440918
2024-07-22,222.44915771484375,6.159999847412109
2024-07-23,223.49203491210938,6.159999847412109
2024-07-24,217.065673828125,6.079999923706055
2024-07-25,216.02281188964844,5.940000057220459
2024-07-26,216.4896240234375,6.25
2024-07-29,216.76773071289062,6.019999980926514
2024-07-30,217.32395935058594,6.139999866485596
2024-07-31,220.58184814453125,6.28000020980835
2024-08-01,216.8869171142578,6.139999866485596
2024-08-02,218.37680053710938,5.599999904632568
2024-08-05,207.85826110839844,5.269999980926514
2024-08-06,205.83200073242188,5.300000190734863
2024-08-07,208.404541015625,5.239999771118164
2024-08-08,211.87100219726562,6.53000020980835
2024-08-09,214.78121948242188,6.389999866485596
2024-08-12,216.31260681152344,5.900000095367432
2024-08-13,220.03167724609375,5.619999885559082
2024-08-14,220.47915649414062,5.760000228881836
2024-08-15,223.46237182617188,6.139999866485596
2024-08-16,224.78492736816406,6.139999866485596
2024-08-19,224.62583923339844,6.179999828338623
2024-08-20,225.2423553466797,6.039999961853027
2024-08-21,225.13296508789062,6.389999866485596
2024-08-22,223.27342224121094,6.329999923706055
2024-08-23,225.5704803466797,6.739999771118164
2024-08-26,225.90858459472656,6.519999980926514
2024-08-27,226.7538604736328,6.130000114440918
2024-08-28,225.22247314453125,6.070000171661377
2024-08-29,228.5039825439453,6.329999923706055
2024-08-30,227.71841430664062,6.079999923706055
2024-09-03,221.52330017089844,5.989999771118164
2024-09-04,219.614013671875,5.949999809265137
2024-09-05,221.13546752929688,6.210000038146973
2024-09-06,219.58421325683594,5.920000076293945
2024-09-09,219.67369079589844,5.909999847412109
2024-09-10,218.87815856933594,6.099999904632568
2024-09-11,221.41392517089844,6.179999828338623
2024-09-12,221.52330017089844,6.300000190734863
2024-09-13,221.25479125976562,6.260000228881836
2024-09-16,215.10939025878906,6.150000095367432
2024-09-17,215.5767364501953,6.300000190734863
2024-09-18,219.4549102783203,6.289999961853027
2024-09-19,227.58914184570312,6.329999923706055
2024-09-20,226.9228973388672,6.360000133514404
2024-09-23,225.20257568359375,6.369999885559082
2024-09-24,226.09751892089844,6.789999961853027
2024-09-25,225.10311889648438,6.75
2024-09-26,226.2467041015625,7.400000095367432
2024-09-27,226.5151824951172,7.159999847412109
2024-09-30,231.69602966308594,6.78000020980835
2024-10-01,224.9440460205078,6.400000095367432
2024-10-02,225.51084899902344,6.710000038146973
2024-10-03,224.4070281982422,6.46999979019165
2024-10-04,225.5307159423828,6.409999847412109
2024-10-07,220.44932556152344,6.239999771118164
2024-10-08,224.50650024414062,6.460000038146973
2024-10-09,228.25540161132812,6.489999771118164
2024-10-10,227.7581787109375,6.369999885559082
2024-10-11,226.2765350341797,6.590000152587891
2024-10-14,230.0055389404297,6.630000114440918
2024-10-15,232.54127502441406,6.599999904632568
2024-10-16,230.48284912109375,6.610000133514404
2024-10-17,230.85079956054688,6.360000133514404
2024-10-18,233.68484497070312,6.389999866485596
2024-10-21,235.15652465820312,6.289999961853027
2024-10-22,234.54002380371094,6.400000095367432
2024-10-23,229.46856689453125,6.190000057220459
2024-10-24,229.27964782714844,6.449999809265137
2024-10-25,230.11492919921875,6.320000171661377
2024-10-28,232.09378051757812,6.579999923706055
2024-10-29,232.36227416992188,6.289999961853027
2024-10-30,228.812255859375,6.179999828338623
2024-10-31,224.6457061767578,6.090000152587891
2024-11-01,221.66250610351562,6.090000152587891
2024-11-04,220.7675323486328,6.039999961853027
2024-11-05,222.19947814941406,6.380000114440918
2024-11-06,221.4735565185547,6.579999923706055
2024-11-07,226.2069091796875,5.840000152587891
2024-11-08,225.93814086914062,5.369999885559082
2024-11-11,223.2204132080078,5.269999980926514
2024-11-12,223.2204132080078,5.050000190734863
2024-11-13,224.10641479492188,5.269999980926514
2024-11-14,227.1924591064453,5.300000190734863
2024-11-15,223.98695373535156,5.139999866485596
2024-11-18,226.99337768554688,4.940000057220459
2024-11-19,227.252197265625,4.880000114440918
2024-11-20,227.9689483642578,5.150000095367432
2024-11-21,227.49111938476562,5.010000228881836
2024-11-22,228.8350372314453,4.889999866485596
2024-11-25,231.82151794433594,5.25
2024-11-26,234.0016632080078,5.170000076293945
2024-11-27,233.87225341796875,5.050000190734863
2024-11-29,236.26145935058594,4.980000019073486
2024-12-02,238.51126098632812,4.960000038146973
2024-12-03,241.5574951171875,4.860000133514404
2024-12-04,241.91587829589844,4.659999847412109
2024-12-05,241.94573974609375,4.489999771118164
2024-12-06,241.74664306640625,4.550000190734863
2024-12-09,245.6390380859375,4.480000019073486
2024-12-10,246.65443420410156,4.159999847412109
2024-12-11,245.38021850585938,4.0
2024-12-12,246.8435821533203,3.9100000858306885
2024-12-13,247.01284790039062,3.8399999141693115
2024-12-16,249.90969848632812,3.7100000381469727
2024-12-17,252.33872985839844,3.799999952316284
2024-12-18,246.9331817626953,3.6500000953674316
2024-12-19,248.66534423828125,3.4100000858306885
2024-12-20,253.34417724609375,3.549999952316284
2024-12-23,254.12066650390625,3.5399999618530273
2024-12-24,257.0374755859375,3.549999952316284
2024-12-26,257.853759765625,3.8299999237060547
2024-12-27,254.439208984375,4.079999923706055
2024-12-30,251.06448364257812,3.859999895095825
2024-12-31,249.2925262451172,3.759999990463257
2025-01-02,242.75210571289062,3.8499999046325684
2025-01-03,242.26431274414062,4.010000228881836
2025-01-06,243.89691162109375,3.9100000858306885
2025-01-07,241.11947631835938,3.759999990463257
2025-01-08,241.6072540283203,3.5999999046325684
2025-01-10,235.78363037109375,3.5999999046325684
2025-01-13,233.34463500976562,3.630000114440918
2025-01-14,232.22967529296875,3.630000114440918
2025-01-15,236.7989959716797,3.9700000286102295
2025-01-16,227.23228454589844,4.179999828338623
2025-01-17,228.9445343017578,4.079999923706055
2025-01-21,221.6375732421875,4.0
2025-01-22,222.82223510742188,3.9000000953674316
2025-01-23,222.6529998779297,4.059999942779541
2025-01-24,221.77694702148438,4.070000171661377
2025-01-27,228.82508850097656,4.130000114440918
2025-01-28,237.187255859375,3.9800000190734863
2025-01-29,238.2823028564453,4.03000020980835
2025-01-30,236.520263671875,4.070000171661377
2025-01-31,234.93743896484375,3.9600000381469727
2025-02-03,226.9833984375,3.7899999618530273
2025-02-04,231.75184631347656,3.8399999141693115
2025-02-05,231.42332458496094,3.869999885559082
2025-02-06,232.16995239257812,3.930000066757202
2025-02-07,226.60513305664062,3.9200000762939453
2025-02-10,226.8741912841797,3.9600000381469727
2025-02-11,231.8272705078125,3.819999933242798
2025-02-12,236.06277465820312,3.819999933242798
2025-02-13,240.70689392089844,3.859999895095825
2025-02-14,243.76644897460938,3.950000047683716
2025-02-18,243.6368865966797,4.400000095367432
2025-02-19,244.03550720214844,4.320000171661377
2025-02-20,244.99224853515625,4.079999923706055
2025-02-21,244.71319580078125,4.019999980926514
2025-02-24,246.25791931152344,3.859999895095825
2025-02-25,246.1981201171875,3.7200000286102295
2025-02-26,239.5408935546875,3.559999942779541
2025-02-27,236.49131774902344,3.180000066757202
2025-02-28,241.01583862304688,3.1600000858306885
2025-03-03,237.2188262939453,3.0799999237060547
2025-03-04,235.1259765625,3.2300000190734863
2025-03-05,234.93663024902344,3.2100000381469727
2025-03-06,234.52804565429688,3.1500000953674316
2025-03-07,238.2552947998047,3.359999895095825
2025-03-10,226.70477294921875,3.259999990463257
2025-03-11,220.08740234375,3.109999895095825
2025-03-12,216.2405548095703,3.3299999237060547
2025-03-13,208.96542358398438,3.2899999618530273
2025-03-14,212.762451171875,3.390000104904175
2025-03-17,213.2707061767578,3.5199999809265137
2025-03-18,211.96519470214844,3.5299999713897705
2025-03-19,214.50648498535156,3.490000009536743
2025-03-20,213.37039184570312,3.4700000286102295
2025-03-21,217.5261688232422,3.549999952316284
2025-03-24,219.97776794433594,3.3499999046325684
2025-03-25,222.98748779296875,3.3399999141693115
2025-03-26,220.77505493164062,3.240000009536743
2025-03-27,223.08717346191406,3.309999942779541
2025-03-28,217.1574249267578,3.140000104904175
2025-03-31,221.37301635742188,3.049999952316284
2025-04-01,222.4293975830078,3.069999933242798
2025-04-02,223.12701416015625,3.0899999141693115
2025-04-03,202.49754333496094,2.869999885559082
2025-04-04,187.738037109375,2.869999885559082
2025-04-07,180.84161376953125,2.9000000953674316
2025-04-08,171.83241271972656,2.6700000762939453
2025-04-09,198.17236328125,2.890000104904175
2025-04-10,189.7710723876953,2.680000066757202
2025-04-11,197.4747314453125,2.7100000381469727
2025-04-14,201.82984924316406,2.700000047683716
2025-04-15,201.4511260986328,2.549999952316284
2025-04-16,193.6079559326172,2.559999942779541
2025-04-17,196.3087158203125,2.759999990463257
2025-04-21,192.50173950195312,2.6700000762939453
2025-04-22,199.059326171875,2.615000009536743
2025-04-23,203.9027557373047,2.5899999141693115
2025-04-24,207.659912109375,2.549999952316284
2025-04-25,208.56680297851562,2.5399999618530273
2025-04-28,209.4238739013672,2.4600000381469727
2025-04-29,210.490234375,2.509999990463257
2025-04-30,211.7758331298828,2.4800000190734863
2025-05-01,212.59304809570312,2.509999990463257
2025-05-02,204.6501922607422,2.515000104904175
2025-05-05,198.21221923828125,2.559999942779541
2025-05-06,197.83349609375,2.5199999809265137
2025-05-07,195.58120727539062,2.5399999618530273
2025-05-08,196.81698608398438,2.3399999141693115
2025-05-09,197.8534393310547,2.2799999713897705
2025-05-12,210.34713745117188,2.309999942779541
2025-05-13,212.48263549804688,2.509999990463257
2025-05-14,211.88389587402344,2.4700000286102295
2025-05-15,211.00575256347656,2.4700000286102295
2025-05-16,210.81614685058594,2.7699999809265137
2025-05-19,208.3413543701172,2.7899999618530273
2025-05-20,206.42539978027344,2.9700000286102295
2025-05-21,201.6654052734375,2.9600000381469727
2025-05-22,200.9369354248047,2.930000066757202
2025-05-23,194.85975646972656,2.8499999046325684
2025-05-27,199.78936767578125,3.130000114440918
2025-05-28,199.99891662597656,3.0299999713897705
2025-05-29,199.5299072265625,2.9800000190734863
2025-05-30,200.4280242919922,2.930000066757202
2025-06-02,201.27622985839844,3.109999895095825
2025-06-03,202.84292602539062,3.180000066757202
2025-06-04,202.39389038085938,3.25
2025-06-05,200.20849609375,3.0399999618530273
2025-06-06,203.49156188964844,3.319999933242798
2025-06-09,201.02676391601562,3.430000066757202
2025-06-10,202.2441864013672,3.4100000858306885
2025-06-11,198.36236572265625,3.380000114440918
2025-06-12,198.78147888183594,3.2699999809265137
2025-06-13,196.03726196289062,3.1600000858306885
2025-06-16,198.0031280517578,3.299999952316284
2025-06-17,195.2289581298828,3.2899999618530273
2025-06-18,196.16697692871094,3.390000104904175
2025-06-20,200.57769775390625,3.430000066757202
2025-06-23,201.07666015625,3.440000057220459
2025-06-24,199.87918090820312,3.4000000953674316
2025-06-25,201.13653564453125,3.319999933242798
2025-06-26,200.57769775390625,3.4100000858306885
2025-06-27,200.65753173828125,3.4200000762939453
2025-06-30,204.7389373779297,3.490000009536743
2025-07-01,207.3833770751953,3.450000047683716
2025-07-02,211.99366760253906,3.5799999237060547
2025-07-03,213.10134887695312,3.569999933242798
2025-07-07,209.50889587402344,3.509999990463257
2025-07-08,209.5687713623047,3.5799999237060547
2025-07-09,210.69639587402344,3.509999990463257
2025-07-10,211.96372985839844,3.5899999141693115
2025-07-11,210.7163543701172,3.509999990463257
2025-07-14,208.1816864013672,3.4600000381469727
2025-07-15,208.67066955566406,3.259999990463257
2025-07-16,209.71847534179688,3.3399999141693115
2025-07-17,209.57875061035156,3.5
2025-07-18,210.73631286621094,3.5
2025-07-21,212.0335693359375,4.099999904632568
2025-07-22,213.94955444335938,4.21999979019165
2025-07-23,213.7000732421875,4.28000020980835
2025-07-24,213.31088256835938,3.8499999046325684
2025-07-25,213.43064880371094,3.640000104904175
2025-07-28,213.6002960205078,3.390000104904175
2025-07-29,210.8261260986328,3.259999990463257
2025-07-30,208.6107940673828,3.240000009536743
2025-07-31,207.1339111328125,3.0399999618530273
2025-08-01,201.95481872558594,2.869999885559082
2025-08-04,202.9227752685547,3.0299999713897705
2025-08-05,202.49366760253906,3.0999999046325684
2025-08-06,212.80197143554688,2.9200000762939453
2025-08-07,219.56771850585938,2.799999952316284
2025-08-08,228.86814880371094,2.6600000858306885
2025-08-11,226.95997619628906,2.700000047683716
2025-08-12,229.42758178710938,2.7200000286102295
2025-08-13,233.10403442382812,2.819999933242798
2025-08-14,232.5545654296875,2.7899999618530273
2025-08-15,231.36570739746094,2.5799999237060547
2025-08-18,230.66639709472656,2.5299999713897705
2025-08-19,230.3367156982422,2.4600000381469727
2025-08-20,225.79110717773438,2.4100000858306885
2025-08-21,224.68218994140625,2.390000104904175
2025-08-22,227.53941345214844,2.450000047683716
2025-08-25,226.94000244140625,2.5899999141693115
2025-08-26,229.08792114257812,2.490000009536743
2025-08-27,230.26678466796875,2.5899999141693115
2025-08-28,232.33477783203125,2.5399999618530273
2025-08-29,231.91517639160156,2.5
2025-09-02,229.49752807617188,2.369999885559082
2025-09-03,238.2390594482422,2.319999933242798
2025-09-04,239.5477752685547,2.3499999046325684
2025-09-05,239.45787048339844,2.4600000381469727
2025-09-08,237.64962768554688,2.5299999713897705
2025-09-09,234.123046875,2.5799999237060547
2025-09-10,226.5703582763672,2.490000009536743
2025-09-11,229.80722045898438,2.5999999046325684
2025-09-12,233.84332275390625,2.680000066757202
2025-09-15,236.47076416015625,2.799999952316284
2025-09-16,237.9193572998047,2.7100000381469727
2025-09-17,238.75856018066406,2.7300000190734863
2025-09-18,237.64962768554688,2.7699999809265137
2025-09-19,245.26223754882812,2.8299999237060547
2025-09-22,255.8319854736328,2.8399999141693115
2025-09-23,254.18359375,2.8499999046325684
2025-09-24,252.06564331054688,2.9000000953674316
2025-09-25,256.6212158203125,2.8299999237060547
2025-09-26,255.2126007080078,2.8499999046325684
2025-09-29,254.18359375,1.8200000524520874
2025-09-30,254.38340759277344,1.8899999856948853
2025-10-01,255.20260620117188,2.309999942779541
2025-10-02,256.8809814453125,2.3299999237060547
2025-10-03,257.7701110839844,2.569999933242798
2025-10-06,256.44140625,2.3499999046325684
2025-10-07,256.23162841796875,2.180000066757202
2025-10-08,257.8100891113281,2.0799999237060547
2025-10-09,253.79396057128906,1.9700000286102295
2025-10-10,245.032470703125,2.009999990463257
2025-10-13,247.42015075683594,1.034999966621399
2025-10-14,247.53004455566406,0.781000018119812
2025-10-15,249.09852600097656,0.6700000166893005
2025-10-16,247.21035766601562,0.5199999809265137
2025-10-17,252.045654296875,0.6460000276565552
2025-10-20,261.98602294921875,1.4700000286102295
2025-10-21,262.5155029296875,3.619999885559082
2025-10-22,258.19970703125,3.5799999237060547
2025-10-23,259.3285827636719,2.8399999141693115
2025-10-24,262.56549072265625,2.184999942779541
2025-10-27,268.5496520996094,1.809999942779541
2025-10-28,268.7394714355469,1.975000023841858
2025-10-29,269.4388122558594,1.8450000286102295
2025-10-30,271.13714599609375,1.649999976158142
2025-10-31,270.108154296875,1.6549999713897705
2025-11-03,268.7894287109375,1.3899999856948853
2025-11-04,269.7784729003906,1.3300000429153442
2025-11-05,269.8783874511719,1.2699999809265137
2025-11-06,269.50872802734375,1.190000057220459
2025-11-07,268.2099914550781,1.3899999856948853
2025-11-10,269.42999267578125,1.340000033378601
2025-11-11,275.25,1.2200000286102295
2025-11-12,273.4700012207031,1.1150000095367432
2025-11-13,272.95001220703125,1.0099999904632568
2025-11-14,272.4100036621094,1.0800000429153442
2025-11-17,267.4599914550781,1.0399999618530273
2025-11-18,267.44000244140625,1.0
2025-11-19,268.55999755859375,0.9760000109672546
2025-11-20,266.25,0.8799999952316284
2025-11-21,271.489990234375,0.8619999885559082
2025-11-24,275.9200134277344,0.8629999756813049
2025-11-25,276.9700012207031,0.8569999933242798
2025-11-26,277.54998779296875,1.0199999809265137
2025-11-28,278.8500061035156,0.9819999933242798
2025-12-01,283.1000061035156,1.340000033378601
2025-12-02,286.19000244140625,1.2899999618530273
2025-12-03,284.1499938964844,1.25
2025-12-04,280.70001220703125,1.2400000095367432
2025-12-05,278.7799987792969,1.2200000286102295
2025-12-08,277.8900146484375,1.1399999856948853
2025-12-09,277.17999267578125,1.2599999904632568
2025-12-10,278.7799987792969,1.2300000190734863
2025-12-11,278.0299987792969,1.1799999475479126
2025-12-12,278.2799987792969,1.090000033378601
2025-12-15,274.1099853515625,1.0399999618530273
2025-12-16,274.6099853515625,1.100000023841858
2025-12-17,272.864990234375,1.0800000429153442
