Date,rv_next_5d
2020-01-31,0.48484018867724943
2020-02-03,0.3050562292224545
2020-02-04,0.17979749544282161
2020-02-05,0.18083349661603706
2020-02-06,0.18294661014605393
2020-02-07,0.21523701889288313
2020-02-10,0.2335895962500083
2020-02-11,0.23299345385689713
2020-02-12,0.23105821654499678
2020-02-13,0.3302487548087782
2020-02-14,0.35900223580756485
2020-02-18,0.4006545022208562
2020-02-19,0.3601979462383584
2020-02-20,0.33347743606895014
2020-02-21,0.42197044717159965
2020-02-24,0.5315495463022436
2020-02-25,0.9350565976155113
2020-02-26,0.9233758385180556
2020-02-27,1.0136432212632551
2020-02-28,0.9752921990083688
2020-03-02,0.7649794207810667
2020-03-03,0.7341061347073918
2020-03-04,0.8640831408845614
2020-03-05,0.7629339114970859
2020-03-06,0.8963467802683917
2020-03-09,1.0664768519250807
2020-03-10,1.2731385687673644
2020-03-11,1.1397706379473416
2020-03-12,1.1407917916192483
2020-03-13,1.137289770210931
2020-03-16,0.971922002701484
2020-03-17,0.5080699851159336
2020-03-18,1.0965742190120011
2020-03-19,0.9107808946308447
2020-03-20,0.9202177579392139
2020-03-23,1.027753985990993
2020-03-24,0.9903385273819402
2020-03-25,0.5029711450547734
2020-03-26,0.47306860027909325
2020-03-27,0.4425309747210589
2020-03-30,0.4070925806029177
2020-03-31,0.7943611335394014
2020-04-01,0.7943415812123301
2020-04-02,0.6951087350043222
2020-04-03,0.5047636704652865
2020-04-06,0.4730825027337025
2020-04-07,0.1845596617669384
2020-04-08,0.37876173221982534
2020-04-09,0.38304717104258673
2020-04-13,0.37807829503074153
2020-04-14,0.3034998587109436
2020-04-15,0.2532446060928807
2020-04-16,0.19217272024282528
2020-04-17,0.34010341393360705
2020-04-20,0.3552722928285182
2020-04-21,0.6090359290198156
2020-04-22,0.6527243090916716
2020-04-23,0.6437655729213722
2020-04-24,0.5350618312395785
2020-04-27,0.4099132700751656
2020-04-28,0.4103984085114115
2020-04-29,0.4568684669749089
2020-04-30,0.9557673940228663
2020-05-01,0.9793539138688009
2020-05-04,0.7794524456014639
2020-05-05,0.8424988111106172
2020-05-06,0.8572100115245265
2020-05-07,0.4147267133070936
2020-05-08,0.3897739276404301
2020-05-11,0.1826983369973344
2020-05-12,0.1840825245960984
2020-05-13,0.20051054322701972
2020-05-14,0.21120456759106118
2020-05-15,0.2498155376159912
2020-05-18,0.23780709398872096
2020-05-19,0.27940438829423947
2020-05-20,0.31992368927880266
2020-05-21,0.17854835660599444
2020-05-22,0.34798237967829937
2020-05-26,0.4928359114337637
2020-05-27,0.47892665279549845
2020-05-28,0.3727678889056757
2020-05-29,0.3430035605570624
2020-06-01,0.31888242802034267
2020-06-02,0.7325060851835162
2020-06-03,0.7340317091987727
2020-06-04,0.713262201874691
2020-06-05,0.9230202079587492
2020-06-08,0.9209535700264292
2020-06-09,0.5630080423278422
2020-06-10,0.5590247231963927
2020-06-11,0.5506363909703682
2020-06-12,0.19559767055043975
2020-06-15,0.224022016776197
2020-06-16,0.10962199775641998
2020-06-17,0.1678583356431888
2020-06-18,0.18046668947127315
2020-06-19,0.18598320586765402
2020-06-22,0.23406345382102325
2020-06-23,0.10818761572524983
2020-06-24,0.23287702266939173
2020-06-25,0.352373750783651
2020-06-26,0.3453901086974268
2020-06-29,0.30511098258613756
2020-06-30,0.19588815520527564
2020-07-01,0.20005452888203676
2020-07-02,0.20148992100926827
2020-07-06,0.2623320701159623
2020-07-07,0.2928307202673436
2020-07-08,0.3350629718865605
2020-07-09,0.33952477909874396
2020-07-10,0.34774243245973413
2020-07-13,0.33258816730542934
2020-07-14,0.2201150427076633
2020-07-15,0.20555618605979345
2020-07-16,0.15733565513978393
2020-07-17,0.25673213082561036
2020-07-20,0.25697048077413565
2020-07-21,0.2835039984755846
2020-07-22,0.28596789955467233
2020-07-23,0.3132400979149826
2020-07-24,0.20875585541790131
2020-07-27,0.42120583064202216
2020-07-28,0.46851777824793905
2020-07-29,0.38611709186174054
2020-07-30,0.5572732703562705
2020-07-31,0.5156717447177915
2020-08-03,0.4693710203970894
2020-08-04,0.3725438708939282
2020-08-05,0.2626765998033737
2020-08-06,0.23448059123064172
2020-08-07,0.2579175608883065
2020-08-10,0.2447302961410563
2020-08-11,0.238162442632787
2020-08-12,0.1628849694933555
2020-08-13,0.15844547220467933
2020-08-14,0.15635762766803804
2020-08-17,0.1433102146501422
2020-08-18,0.1456304319265302
2020-08-19,0.15712431381443168
2020-08-20,0.1558644420601931
2020-08-21,0.15506988988634407
2020-08-24,0.15935472012396917
2020-08-25,0.24422561139996588
2020-08-26,0.2105473722944695
2020-08-27,0.36931442171079953
2020-08-28,0.44591144536402855
2020-08-31,0.4513461954347585
2020-09-01,0.3282898458314275
2020-09-02,0.4107024107605667
2020-09-03,0.37709062190229825
2020-09-04,0.36205595605447377
2020-09-08,0.4522829643726488
2020-09-09,0.4484122562304156
2020-09-10,0.423644395479035
2020-09-11,0.43293504655385784
2020-09-14,0.4664721294278457
2020-09-15,0.36113740385080007
2020-09-16,0.39035352868992845
2020-09-17,0.4065558658338556
2020-09-18,0.4071734575106306
2020-09-21,0.40317855400839137
2020-09-22,0.405229779038501
2020-09-23,0.4660217876901305
2020-09-24,0.3372551221038685
2020-09-25,0.28909283213293685
2020-09-28,0.38130330597573364
2020-09-29,0.42865363550257646
2020-09-30,0.3705564346538397
2020-10-01,0.3905374853281883
2020-10-02,0.38864393869737157
2020-10-05,0.22486752150280695
2020-10-06,0.14147856122323899
2020-10-07,0.3022947871579841
2020-10-08,0.2645048544013091
2020-10-09,0.2798423340186173
2020-10-12,0.26722738751511843
2020-10-13,0.1449548388025269
2020-10-14,0.10303231291304997
2020-10-15,0.09475114823089326
2020-10-16,0.12131784402173368
2020-10-19,0.12914369557231897
2020-10-20,0.14861708071380408
2020-10-21,0.15885412672639854
2020-10-22,0.2271719544790501
2020-10-23,0.2636814581837209
2020-10-26,0.3790316070023005
2020-10-27,0.4182282106388769
2020-10-28,0.4714238957723776
2020-10-29,0.4887972005796504
2020-10-30,0.5674168012566703
2020-11-02,0.2645810836690697
2020-11-03,0.411241816061326
2020-11-04,0.7477981725236291
2020-11-05,0.738488506095689
2020-11-06,0.6254907950198766
2020-11-09,0.6121509785268099
2020-11-10,0.642302648967345
2020-11-11,0.22388755057213264
2020-11-12,0.16938606876199172
2020-11-13,0.18452876992714512
2020-11-16,0.1375343326831926
2020-11-17,0.13094314276137822
2020-11-18,0.13240372610611453
2020-11-19,0.13846844860693872
2020-11-20,0.12266946745586857
2020-11-23,0.09145547207583529
2020-11-24,0.08998861710305082
2020-11-25,0.08543819791025795
2020-11-27,0.05635449023979752
2020-11-30,0.04475741254194535
2020-12-01,0.06220531800403259
2020-12-02,0.11438410394270238
2020-12-03,0.20721827800559098
2020-12-04,0.21581912414653165
2020-12-07,0.2161716105012381
2020-12-08,0.21845999601828248
2020-12-09,0.25125849714405885
2020-12-10,0.15804769297743443
2020-12-11,0.17297177717273374
2020-12-14,0.18225446294764386
2020-12-15,0.22451677650958743
2020-12-16,0.19096560822377356
2020-12-17,0.19068784180355905
2020-12-18,0.15942773776150437
2020-12-21,0.19730844720205784
2020-12-22,0.18426559551657196
2020-12-23,0.11825321796569864
2020-12-24,0.09551445333706883
2020-12-28,0.09486670062442781
2020-12-29,0.1097389304999931
2020-12-30,0.3182269634053455
2020-12-31,0.421099487754263
2021-01-04,0.42032095000692465
2021-01-05,0.42702777803456743
2021-01-06,0.4447672224561259
2021-01-07,0.3036004584579074
2021-01-08,0.44651272587368085
2021-01-11,0.4712254794204479
2021-01-12,0.40512756825814683
2021-01-13,0.4416005601597157
2021-01-14,0.429788977785615
2021-01-15,0.260138254606015
2021-01-19,0.4681134873310073
2021-01-20,0.5947581361690553
2021-01-21,0.5280537756303111
2021-01-22,0.8052474953600023
2021-01-25,0.8799916173229707
2021-01-26,0.7527851628333474
2021-01-27,0.362432369430487
2021-01-28,0.326026604619157
2021-01-29,0.27116188377066325
2021-02-01,0.23285330345672042
2021-02-02,0.22307997666661475
2021-02-03,0.1342764837351606
2021-02-04,0.15362473113303368
2021-02-05,0.1383849981317283
2021-02-08,0.13448605771027453
2021-02-09,0.17722223757023686
2021-02-10,0.22904424241663193
2021-02-11,0.19275313970660699
2021-02-12,0.14084623628037768
2021-02-16,0.20033450253158058
2021-02-17,0.22489738804471218
2021-02-18,0.2782074515157838
2021-02-19,0.3287928207860934
2021-02-22,0.3772476448636325
2021-02-23,0.3997592600835013
2021-02-24,0.46037767277865577
2021-02-25,0.44709921522200796
2021-02-26,0.37151429733132946
2021-03-01,0.38161282253015644
2021-03-02,0.27066250285969295
2021-03-03,0.38334838562777435
2021-03-04,0.3786075130278049
2021-03-05,0.379000399630367
2021-03-08,0.38154421636210295
2021-03-09,0.29632882018994694
2021-03-10,0.3347743014644212
2021-03-11,0.32747390456981845
2021-03-12,0.37220800921987784
2021-03-15,0.41064265630016605
2021-03-16,0.3454867253489628
2021-03-17,0.32041972396035723
2021-03-18,0.3783017807336053
2021-03-19,0.3149894879255234
2021-03-22,0.26980904529723143
2021-03-23,0.2135147540529196
2021-03-24,0.21407456201370567
2021-03-25,0.20451105733480024
2021-03-26,0.20797923459135512
2021-03-29,0.21521294022034598
2021-03-30,0.17022530665826022
2021-03-31,0.16612655128623358
2021-04-01,0.17570168090086052
2021-04-05,0.20839790689874016
2021-04-06,0.20652837245061179
2021-04-07,0.2462945171247649
2021-04-08,0.2589531288452065
2021-04-09,0.22309859597891404
2021-04-12,0.2086844811784024
2021-04-13,0.2198840008501055
2021-04-14,0.19583554647503168
2021-04-15,0.20634060964334994
2021-04-16,0.1651933551127066
2021-04-19,0.17248414772647735
2021-04-20,0.17958712522513381
2021-04-21,0.10884307494752507
2021-04-22,0.08565471260358365
2021-04-23,0.04789756258823194
2021-04-26,0.10650025396520545
2021-04-27,0.1271462836848749
2021-04-28,0.13720884448131923
2021-04-29,0.1041495785021725
2021-04-30,0.09974177459790241
2021-05-03,0.15580276756679118
2021-05-04,0.16896237773663736
2021-05-05,0.24193016585513671
2021-05-06,0.27074812648063123
2021-05-07,0.26183112456060725
2021-05-10,0.3608479227709781
2021-05-11,0.330733961885699
2021-05-12,0.32424923780004217
2021-05-13,0.23553888995508301
2021-05-14,0.2789084203229411
2021-05-17,0.25203917400781933
2021-05-18,0.4005416636848775
2021-05-19,0.39448133427413445
2021-05-20,0.3659407696650066
2021-05-21,0.4306615264626917
2021-05-24,0.3497245915721486
2021-05-25,0.49530058870608235
2021-05-26,0.5662949873394196
2021-05-27,0.6478195856554044
2021-05-28,0.5454411050607612
2021-06-01,0.5616374697671646
2021-06-02,0.4477311173834713
2021-06-03,0.3000224137284995
2021-06-04,0.2299710916640357
2021-06-07,0.2161488466558519
2021-06-08,0.19382034273743387
2021-06-09,0.25863747232016804
2021-06-10,0.26730808486437496
2021-06-11,0.24640598863572916
2021-06-14,0.28514103357526543
2021-06-15,0.26756301507224195
2021-06-16,0.19727418098912913
2021-06-17,0.19687723348003178
2021-06-18,0.19745224910282924
2021-06-21,0.16433876936336056
2021-06-22,0.24553598393899864
2021-06-23,0.24569119076035736
2021-06-24,0.23380228275760742
2021-06-25,0.23492911771893057
2021-06-28,0.2356392040402385
2021-06-29,0.1387199910528466
2021-06-30,0.1298835912346039
2021-07-01,0.08568386886610566
2021-07-02,0.13050924296659097
2021-07-06,0.12420635839068905
2021-07-07,0.11704544236416874
2021-07-08,0.1514139157928101
2021-07-09,0.1580525114774269
2021-07-12,0.14850110603866562
2021-07-13,0.1461335551490734
2021-07-14,0.32448266664629427
2021-07-15,0.29942611853947987
2021-07-16,0.3014997257022587
2021-07-19,0.24930694660964414
2021-07-20,0.22876584102787334
2021-07-21,0.1044816283370232
2021-07-22,0.12443262304103458
2021-07-23,0.12289401791647926
2021-07-26,0.12132736913171768
2021-07-27,0.13452019673633842
2021-07-28,0.0773886982815561
2021-07-29,0.06265066398099023
2021-07-30,0.06101034714376525
2021-08-02,0.057349445569796195
2021-08-03,0.17188237734815526
2021-08-04,0.22194353119752697
2021-08-05,0.22955461937615299
2021-08-06,0.2297605050819567
2021-08-09,0.24928200017022858
2021-08-10,0.13662654670410368
2021-08-11,0.11393141815523751
2021-08-12,0.11495142936367815
2021-08-13,0.06348240143972465
2021-08-16,0.16003507852122265
2021-08-17,0.23387492604227433
2021-08-18,0.22707700396977493
2021-08-19,0.24212872803110005
2021-08-20,0.22630882877896147
2021-08-23,0.21557859696393225
2021-08-24,0.16766063067571033
2021-08-25,0.15117011267280886
2021-08-26,0.13641764992690994
2021-08-27,0.10072662623729621
2021-08-30,0.16054429164890416
2021-08-31,0.1381560365836412
2021-09-01,0.14393158606925235
2021-09-02,0.13297258902098025
2021-09-03,0.16457619396550577
2021-09-07,0.15638627165302602
2021-09-08,0.15843548249729825
2021-09-09,0.1768423851743017
2021-09-10,0.1636882375743191
2021-09-13,0.17361647948858222
2021-09-14,0.1843633639779012
2021-09-15,0.16351032861971815
2021-09-16,0.19430657422411335
2021-09-17,0.16570968729366853
2021-09-20,0.17286696971627957
2021-09-21,0.1653517259677884
2021-09-22,0.31293770932066634
2021-09-23,0.2725252303274171
2021-09-24,0.26523785408795175
2021-09-27,0.27567659294097074
2021-09-28,0.26042130181587747
2021-09-29,0.20415264215649367
2021-09-30,0.2205762214684282
2021-10-01,0.26706745198613
2021-10-04,0.2949949109650695
2021-10-05,0.20577198330250115
2021-10-06,0.2108222732627851
2021-10-07,0.2119834882217486
2021-10-08,0.20981772307571528
2021-10-11,0.12583064474601344
2021-10-12,0.13132645245782817
2021-10-13,0.13055976167476538
2021-10-14,0.1297809902924287
2021-10-15,0.09256665718688648
2021-10-18,0.45149860027420774
2021-10-19,0.4317634631515009
2021-10-20,0.4093319477977869
2021-10-21,0.41819926221152526
2021-10-22,0.5133571001933039
2021-10-25,0.27976232258512135
2021-10-26,0.28015136068204716
2021-10-27,0.2693641302437965
2021-10-28,0.3168550995758639
2021-10-29,0.26398491066641133
2021-11-01,0.2549094073295389
2021-11-02,0.2674084407323109
2021-11-03,0.26713149020249466
2021-11-04,0.1392688972900074
2021-11-05,0.3784997825234065
2021-11-08,0.5007550148349843
2021-11-09,0.5023133786377437
2021-11-10,0.5046553668873115
2021-11-11,0.49474446873015676
2021-11-12,0.21094753479556302
2021-11-15,0.08475785531426307
2021-11-16,0.09608352296280433
2021-11-17,0.08991517713994344
2021-11-18,0.1110132460962012
2021-11-19,0.1167575441819712
2021-11-22,0.10844500793307528
2021-11-23,0.12022343846658685
2021-11-24,0.20642923655481588
2021-11-26,0.1922231109417948
2021-11-29,0.21615371904612468
2021-11-30,0.36750204318762364
2021-12-01,0.4900837650999982
2021-12-02,0.41240509036234163
2021-12-03,0.5123805173513937
2021-12-06,0.5137342472517139
2021-12-07,0.5095665174263572
2021-12-08,0.49383723880440533
2021-12-09,0.4252999036121622
2021-12-10,0.41284156489679436
2021-12-13,0.40272978973349
2021-12-14,0.4505436401621343
2021-12-15,0.4733045224605764
2021-12-16,0.47288023942253943
2021-12-17,0.43273937180540467
2021-12-20,0.41607090986802714
2021-12-21,0.3265370874079965
2021-12-22,0.13621243468866934
2021-12-23,0.2749484611531391
2021-12-27,0.2999855815009127
2021-12-28,0.3110438426308661
2021-12-29,0.3674841305146777
2021-12-30,0.413730670769222
2021-12-31,0.6101294105066377
2022-01-03,0.6000956654805892
2022-01-04,0.6064480392847814
2022-01-05,0.5750803605055593
2022-01-06,0.47291318901449886
2022-01-07,0.2632270369718932
2022-01-10,0.33259610735377704
2022-01-11,0.37755229787678385
2022-01-12,0.258692119255364
2022-01-13,0.2597256966314901
2022-01-14,0.14959164029650138
2022-01-18,0.19523350770339873
2022-01-19,0.14232586007965517
2022-01-20,0.13722806810089275
2022-01-21,0.19740426292306018
2022-01-24,0.3538243282412352
2022-01-25,0.702320063759454
2022-01-26,0.6637047416458178
2022-01-27,0.6870204180226507
2022-01-28,0.7834584678006612
2022-01-31,0.7650394077368341
2022-02-01,0.39692252943989026
2022-02-02,0.4003972913145465
2022-02-03,0.45654356822472103
2022-02-04,0.254648370276062
2022-02-07,0.31553308505564454
2022-02-08,0.32614849412766606
2022-02-09,0.4474552635048299
2022-02-10,0.41504572123616
2022-02-11,0.4634139215877296
2022-02-14,0.49719173015528006
2022-02-15,0.5035628243134675
2022-02-16,0.14982425919134032
2022-02-17,0.41199152297608005
2022-02-18,0.4128915102453982
2022-02-22,0.5018902710345963
2022-02-23,0.4922957079967883
2022-02-24,0.39299450302807104
2022-02-25,0.348675576523687
2022-02-28,0.37018381036337167
2022-03-01,0.2872174283133042
2022-03-02,0.2759800836799759
2022-03-03,0.45515305201626005
2022-03-04,0.48352937780616984
2022-03-07,0.5310992337279352
2022-03-08,0.569429984728205
2022-03-09,0.7410039587518343
2022-03-10,0.9008854385112781
2022-03-11,0.8782980827054963
2022-03-14,0.6859732697734005
2022-03-15,0.49784656436429525
2022-03-16,0.488510816117783
2022-03-17,0.41629123691073583
2022-03-18,0.39750861803791177
2022-03-21,0.34917746227889296
2022-03-22,0.31853374658873096
2022-03-23,0.28036639962750254
2022-03-24,0.3472314020721757
2022-03-25,0.34275327133138994
2022-03-28,0.3311325467440031
2022-03-29,0.3916924456551974
2022-03-30,0.45844810152308707
2022-03-31,0.5225711548450436
2022-04-01,0.5368400837162904
2022-04-04,0.5132370599793322
2022-04-05,0.37084238320987517
2022-04-06,0.32170844306205626
2022-04-07,0.20784863676940932
2022-04-08,0.3252041777632357
2022-04-11,0.35070744158491063
2022-04-12,0.41744108009268643
2022-04-13,0.4415493224379699
2022-04-14,0.3598006308268627
2022-04-18,0.3339254203957204
2022-04-19,0.36454008143650646
2022-04-20,0.36650447528225266
2022-04-21,0.5320389100019051
2022-04-22,0.6140760807178645
2022-04-25,0.706334915575621
2022-04-26,0.7148958007126739
2022-04-27,0.5642793564089923
2022-04-28,0.6211078909154715
2022-04-29,0.7585148311604568
2022-05-02,0.6940500445489651
2022-05-03,0.8229736500134853
2022-05-04,0.792748306611217
2022-05-05,0.5326458516317779
2022-05-06,0.5397482465020691
2022-05-09,1.3469304762384549
2022-05-10,1.3179316453757228
2022-05-11,1.3239138724056834
2022-05-12,1.178251678964176
2022-05-13,1.1716231222315432
2022-05-16,0.39907133188732796
2022-05-17,0.3812895415761652
2022-05-18,0.3982546762651121
2022-05-19,0.663533000178627
2022-05-20,0.6236570730090201
2022-05-23,0.6634582064204525
2022-05-24,0.7916408054924282
2022-05-25,0.7208809800993085
2022-05-26,0.6687868492769132
2022-05-27,0.8252741802360472
2022-05-31,0.6275086503254969
2022-06-01,0.595618858178396
2022-06-02,0.5787082239007498
2022-06-03,0.5066684596000093
2022-06-06,0.4014184828178325
2022-06-07,0.3898304148080254
2022-06-08,0.4000076679551762
2022-06-09,0.7695794129047372
2022-06-10,0.7343179219137238
2022-06-13,0.7234417782929685
2022-06-14,0.7283494728251825
2022-06-15,0.7379275511968385
2022-06-16,0.5494186765482095
2022-06-17,0.33485575048673216
2022-06-21,0.34996547849741255
2022-06-22,0.34123118349131387
2022-06-23,0.3754002301958781
2022-06-24,0.32462405174662484
2022-06-27,0.4774755652186747
2022-06-28,0.5482378004625446
2022-06-29,0.36828475744751094
2022-06-30,0.4218212155122758
2022-07-01,0.2856503914951134
2022-07-05,0.5512188021397884
2022-07-06,0.5217190877591379
2022-07-07,0.5030367716257872
2022-07-08,0.289737202541058
2022-07-11,0.5922137971477267
2022-07-12,0.47184601173898216
2022-07-13,0.528435815021314
2022-07-14,0.519935478091766
2022-07-15,0.4797348137417453
2022-07-18,0.4304126253470281
2022-07-19,0.5524286088511867
2022-07-20,0.41410210945601067
2022-07-21,0.6046793725199394
2022-07-22,0.5594833462614357
2022-07-25,0.6084047933974247
2022-07-26,0.5330388685392852
2022-07-27,0.34879729380009544
2022-07-28,0.2667862008937658
2022-07-29,0.40902439145945896
2022-08-01,0.7967059137292489
2022-08-02,0.7783671788169099
2022-08-03,0.8559572837147857
2022-08-04,0.8491305016769859
2022-08-05,0.7622579381638036
2022-08-08,0.2554786198913125
2022-08-09,0.23947614323920324
2022-08-10,0.14012770937199676
2022-08-11,0.13390856950062602
2022-08-12,0.18555677640656812
2022-08-15,0.39219882684416935
2022-08-16,0.40624942423741717
2022-08-17,0.34058538681894784
2022-08-18,0.4005807813101702
2022-08-19,0.513461291503505
2022-08-22,0.45665250254108214
2022-08-23,0.40007157661842263
2022-08-24,0.3979113405509548
2022-08-25,0.3833707556643651
2022-08-26,0.33781155409762004
2022-08-29,0.18651088750997227
2022-08-30,0.2713227428431842
2022-08-31,0.3188922063265752
2022-09-01,0.3169937520781227
2022-09-02,0.41060744568440927
2022-09-06,0.4464702045578756
2022-09-07,0.6428125991788887
2022-09-08,0.6409643596268567
2022-09-09,0.6489766929141829
2022-09-12,0.5750124701637536
2022-09-13,0.33776569729710726
2022-09-14,0.10567091922452124
2022-09-15,0.12431155387276263
2022-09-16,0.12430887953492409
2022-09-19,0.1874621812661864
2022-09-20,0.2306937135714485
2022-09-21,0.2831899866500611
2022-09-22,0.39931436153802624
2022-09-23,0.5927006754559998
2022-09-26,0.5763828208900014
2022-09-27,0.6138639024929102
2022-09-28,0.7463353596403831
2022-09-29,0.7134627091137372
2022-09-30,0.5410966525579277
2022-10-03,0.6493933954766428
2022-10-04,0.6183891317771664
2022-10-05,0.3803734195171706
2022-10-06,0.37009631439643065
2022-10-07,0.4787598662479612
2022-10-10,0.5432896059377113
2022-10-11,0.555303172134334
2022-10-12,0.5527510739118847
2022-10-13,0.5526958708418008
2022-10-14,0.4773322680400504
2022-10-17,0.23359040375915205
2022-10-18,0.19334493942786052
2022-10-19,0.5795282187057184
2022-10-20,0.5724591266081536
2022-10-21,0.5707245088240589
2022-10-24,0.6674996369767542
2022-10-25,0.6717737838522806
2022-10-26,0.5647128291720649
2022-10-27,0.6279460052809478
2022-10-28,0.6461681572074117
2022-10-31,0.20386423512126792
2022-11-01,0.12945057117145736
2022-11-02,0.17030217991154334
2022-11-03,0.30399846498340616
2022-11-04,1.1434541936980405
2022-11-07,1.1459253138729855
2022-11-08,1.1104789499692642
2022-11-09,1.0846991875073992
2022-11-10,1.0123342862237226
2022-11-11,0.48208428407992887
2022-11-14,0.32880981228362843
2022-11-15,0.299582013567602
2022-11-16,0.19608674011063149
2022-11-17,0.1442940071056496
2022-11-18,0.14518511731562053
2022-11-21,0.17137674399935973
2022-11-22,0.21922429094076
2022-11-23,0.6399556954778117
2022-11-25,0.655629781437365
2022-11-28,0.6376768311183674
2022-11-29,0.6388685564135232
2022-11-30,0.6495060526352646
2022-12-01,0.44453197511780584
2022-12-02,0.4501443214790947
2022-12-05,0.5601347506352043
2022-12-06,0.5187884749271944
2022-12-07,0.515490984533513
2022-12-08,0.3381076144540201
2022-12-09,0.359379409432874
2022-12-12,0.337822292962425
2022-12-13,0.3583334560779275
2022-12-14,0.35144040588713205
2022-12-15,0.40675134015114756
2022-12-16,0.3036692377197966
2022-12-19,0.2818516712686767
2022-12-20,0.32025584965362397
2022-12-21,0.34073000031753475
2022-12-22,0.6054594106761443
2022-12-23,0.5949136930725832
2022-12-27,0.598161181489229
2022-12-28,0.5392022888936644
2022-12-29,0.43330858825524865
2022-12-30,0.3655022085677447
2023-01-03,0.34946107201580917
2023-01-04,0.2601433702754294
2023-01-05,0.3423301126439634
2023-01-06,0.2799075426974479
2023-01-09,0.35465710814612417
2023-01-10,0.38070156576335307
2023-01-11,0.5102281529570812
2023-01-12,0.29811058242483485
2023-01-13,0.40988775325276944
2023-01-17,0.6130109346694356
2023-01-18,0.6438970572361835
2023-01-19,0.5356334742652089
2023-01-20,0.49842639171622816
2023-01-23,0.6265094904261174
2023-01-24,0.7562187545140308
2023-01-25,0.7365652574340767
2023-01-26,0.7415517654038789
2023-01-27,1.0037168158930045
2023-01-30,0.940184071941954
2023-01-31,0.858766339839549
2023-02-01,0.8787805306639328
2023-02-02,0.8779115580235721
2023-02-03,0.32924645394197977
2023-02-06,0.33193571935564486
2023-02-07,0.32356506345257374
2023-02-08,0.3346095469839766
2023-02-09,0.6183762275429293
2023-02-10,0.5267627061786233
2023-02-13,0.513608742698385
2023-02-14,0.6532831375970555
2023-02-15,0.6413576177818384
2023-02-16,0.4226313386464279
2023-02-17,0.5063280025547242
2023-02-21,0.5018658051222665
2023-02-22,0.3727351823490887
2023-02-23,0.4276250462022961
2023-02-24,0.4617314355507571
2023-02-27,0.47956600364535973
2023-02-28,0.4844941982143775
2023-03-01,0.44258343533374583
2023-03-02,0.33159227214292764
2023-03-03,0.4071310352295052
2023-03-06,0.19154546086474505
2023-03-07,0.25357343214408373
2023-03-08,0.27388493450436996
2023-03-09,0.28846056158368666
2023-03-10,0.2168052487305383
2023-03-13,0.35169180901236163
2023-03-14,0.3070015272938719
2023-03-15,0.335091021097986
2023-03-16,0.3373386881878835
2023-03-17,0.3555097874370231
2023-03-20,0.31775457017589837
2023-03-21,0.3516987984951252
2023-03-22,0.34241720192636577
2023-03-23,0.29995450923157396
2023-03-24,0.2987791421444735
2023-03-27,0.2159825760665415
2023-03-28,0.14805803631991102
2023-03-29,0.09954020229580628
2023-03-30,0.1951205118153785
2023-03-31,0.22624293662710476
2023-04-03,0.15809815459311433
2023-04-04,0.10309838320912076
2023-04-05,0.06048200040041869
2023-04-06,0.22990498432205475
2023-04-10,0.21144152512911155
2023-04-11,0.1999196795366753
2023-04-12,0.19590826735302908
2023-04-13,0.13921786707333317
2023-04-14,0.23897760697227227
2023-04-17,0.2416276906747931
2023-04-18,0.24162382850598288
2023-04-19,0.26464998391050676
2023-04-20,0.22831655108290896
2023-04-21,0.3513326055271199
2023-04-24,0.35243459501300156
2023-04-25,0.3551350047667242
2023-04-26,0.32433234247268367
2023-04-27,0.31596392692920505
2023-04-28,0.13453810922236464
2023-05-01,0.2507630094531424
2023-05-02,0.24905281326834938
2023-05-03,0.31344250604362894
2023-05-04,0.3287970765360194
2023-05-05,0.6879781323443239
2023-05-08,0.6457112275034486
2023-05-09,0.6556849365380217
2023-05-10,0.651564879723702
2023-05-11,0.7565693610114346
2023-05-12,0.41882077169937637
2023-05-15,0.5073337482336061
2023-05-16,0.5062806385780236
2023-05-17,0.4249135560782974
2023-05-18,0.3263828094293966
2023-05-19,0.2869854503330225
2023-05-22,0.231586100448193
2023-05-23,0.2298228924026831
2023-05-24,0.22234398744464456
2023-05-25,0.18674465982621558
2023-05-26,0.23019529687280477
2023-05-30,0.17008872592337593
2023-05-31,0.16584598522985225
2023-06-01,0.22160083266005057
2023-06-02,0.6860890881922598
2023-06-05,0.7787580768969714
2023-06-06,0.7775004944167879
2023-06-07,0.8207373743449617
2023-06-08,0.8065015131000428
2023-06-09,0.5304413796339343
2023-06-12,0.4713091209069772
2023-06-13,0.5087427279224737
2023-06-14,0.17218006422524432
2023-06-15,0.2249074416406531
2023-06-16,0.25259161254091295
2023-06-20,0.36562628873632264
2023-06-21,0.3767840980469874
2023-06-22,0.3771446126259564
2023-06-23,0.38649824811949235
2023-06-26,0.38284407189533964
2023-06-27,0.13098548471051186
2023-06-28,0.10699070107545508
2023-06-29,0.15895201919842064
2023-06-30,0.24985447486498907
2023-07-03,0.2729733164906914
2023-07-05,0.26812624897662624
2023-07-06,0.4652814840354338
2023-07-07,0.43341551196411376
2023-07-10,0.49732622430100326
2023-07-11,0.4904045507577151
2023-07-12,0.5134537837092523
2023-07-13,0.19239967885027548
2023-07-14,0.3666679035338133
2023-07-17,0.3637770833284719
2023-07-18,0.3872173855967366
2023-07-19,0.39559360851005654
2023-07-20,0.42899173239340027
2023-07-21,0.34255258959291285
2023-07-24,0.36402802461505873
2023-07-25,0.43702858285413027
2023-07-26,0.4604003794049791
2023-07-27,0.5380670601836929
2023-07-28,0.4745637465413267
2023-07-31,0.4773060682968884
2023-08-01,0.2457429797828652
2023-08-02,0.37512762573113106
2023-08-03,0.3802760589628892
2023-08-04,0.40244691172917
2023-08-07,0.42995497400951505
2023-08-08,0.45159037354130854
2023-08-09,0.19138633944041916
2023-08-10,0.17966283706978364
2023-08-11,0.15861957824452538
2023-08-14,0.16847794538099223
2023-08-15,0.14441949272074933
2023-08-16,0.11462278843328197
2023-08-17,0.14709397766204407
2023-08-18,0.1546269812951165
2023-08-21,0.19766174106377551
2023-08-22,0.22294389770424003
2023-08-23,0.22522773372263571
2023-08-24,0.23753772274945728
2023-08-25,0.2751693244148843
2023-08-28,0.27501192502095856
2023-08-29,0.27895184144997415
2023-08-30,0.32872162965762874
2023-08-31,0.25353330652240236
2023-09-01,0.24314921801403386
2023-09-05,0.1423769291555842
2023-09-06,0.15830743092222876
2023-09-07,0.1577528246319481
2023-09-08,0.23416804645866623
2023-09-11,0.22984745041883797
2023-09-12,0.2343896008707144
2023-09-13,0.24714701685378032
2023-09-14,0.14090809817434083
2023-09-15,0.15968995766754865
2023-09-18,0.16436993366581254
2023-09-19,0.15522660576484026
2023-09-20,0.09912764977254165
2023-09-21,0.14126110984319917
2023-09-22,0.09904014418961031
2023-09-25,0.12541784625802313
2023-09-26,0.1456469867193066
2023-09-27,0.2436537142695992
2023-09-28,0.23103595826066922
2023-09-29,0.22388029395473064
2023-10-02,0.2284897154590409
2023-10-03,0.22830215916597907
2023-10-04,0.2927003303629032
2023-10-05,0.29542858559026425
2023-10-06,0.3535453116801304
2023-10-09,0.3567384515710299
2023-10-10,0.32734443323838036
2023-10-11,0.3339599008838393
2023-10-12,0.29049002171456945
2023-10-13,0.3593763428317982
2023-10-16,0.3291450835992441
2023-10-17,0.17450249816477678
2023-10-18,0.2367590027417497
2023-10-19,0.21697295510478365
2023-10-20,0.2538444720795073
2023-10-23,0.42169767248804485
2023-10-24,0.3765442596184709
2023-10-25,0.3898851987474376
2023-10-26,0.22517195711479615
2023-10-27,0.6201201641689846
2023-10-30,0.6529914129474919
2023-10-31,0.6515382188894824
2023-11-01,0.6474162534370348
2023-11-02,0.707769499753915
2023-11-03,0.20800324688389524
2023-11-06,0.24223088184388067
2023-11-07,0.38916803778194964
2023-11-08,0.45530551727686963
2023-11-09,0.46707861693607733
2023-11-10,0.5144856404634001
2023-11-13,0.5143172814536584
2023-11-14,0.39474542725292167
2023-11-15,0.38423855616186453
2023-11-16,0.2968892094880148
2023-11-17,0.2883228328416429
2023-11-20,0.3116049013211586
2023-11-21,0.3417223526518648
2023-11-22,0.2610235074134772
2023-11-24,0.2898493373122336
2023-11-27,0.30100105657363896
2023-11-28,0.29599413542587477
2023-11-29,0.28711856827904825
2023-11-30,0.24979943172278662
2023-12-01,0.474152385565942
2023-12-04,0.49780465848099364
2023-12-05,0.4082450545842026
2023-12-06,0.4226723987177126
2023-12-07,0.3835921718779517
2023-12-08,0.27145483238728285
2023-12-11,0.3974157797768619
2023-12-12,0.3276515964922339
2023-12-13,0.21590330752706627
2023-12-14,0.34055927636357397
2023-12-15,0.35054721860448673
2023-12-18,0.3467407586754394
2023-12-19,0.34641026205609976
2023-12-20,0.3062827279114017
2023-12-21,0.18933482687367945
2023-12-22,0.18474915641633724
2023-12-26,0.374116011755109
2023-12-27,0.38399897083681067
2023-12-28,0.38883287135412214
2023-12-29,0.3908785192719373
2024-01-02,0.41920207521469993
2024-01-03,0.2287160291758926
2024-01-04,0.2386331727848455
2024-01-05,0.32130949987197965
2024-01-08,0.31382442952654993
2024-01-09,0.24030793113857415
2024-01-10,0.23962463834289507
2024-01-11,0.3101735550134547
2024-01-12,0.25362312974011714
2024-01-16,0.24570345224761714
2024-01-17,0.25139670278840404
2024-01-18,0.2505208229922587
2024-01-19,0.20931747191281763
2024-01-22,0.20939528020500062
2024-01-23,0.21040141880692007
2024-01-24,0.22622334597329752
2024-01-25,0.25729669739687866
2024-01-26,0.2479711112657344
2024-01-29,0.23947681180074462
2024-01-30,0.2318327285969192
2024-01-31,0.23610271698654817
2024-02-01,0.22608564746429108
2024-02-02,0.28879323526781936
2024-02-05,0.34725993424322776
2024-02-06,0.3459673735057812
2024-02-07,0.47464039605236236
2024-02-08,0.4756498056148559
2024-02-09,0.5290466878198983
2024-02-12,0.456092289892438
2024-02-13,0.4414927787907246
2024-02-14,0.31849983105976837
2024-02-15,0.3263924040200227
2024-02-16,0.21296725742611644
2024-02-20,0.270217377347137
2024-02-21,0.2713118058033343
2024-02-22,0.9879060512450499
2024-02-23,0.9850067222342763
2024-02-26,1.1228656220491344
2024-02-27,1.2811165344082176
2024-02-28,1.303863495107262
2024-02-29,0.6328710872323919
2024-03-01,0.4019402459273352
2024-03-04,0.49479305245666183
2024-03-05,0.2191962700781919
2024-03-06,0.25632114992712274
2024-03-07,0.2712405803390804
2024-03-08,0.37976911638536204
2024-03-11,0.37950361078176925
2024-03-12,0.3762573481293823
2024-03-13,0.3761577308530473
2024-03-14,0.31365700239341127
2024-03-15,0.28822995511800026
2024-03-18,0.25163195469604166
2024-03-19,0.25352599797815084
2024-03-20,0.27309090629857263
2024-03-21,0.2462514398463714
2024-03-22,0.16840982877038105
2024-03-25,0.29821542660793904
2024-03-26,0.3044307352620923
2024-03-27,0.26445453583217693
2024-03-28,0.19590772765458303
2024-04-01,0.2009941540518754
2024-04-02,0.06359288774306288
2024-04-03,0.09645631570440617
2024-04-04,0.22784652908185288
2024-04-05,0.2586187267538963
2024-04-08,0.26783549064307616
2024-04-09,0.28391479801211356
2024-04-10,0.24608271961912448
2024-04-11,0.1843258316049714
2024-04-12,0.10894843998218655
2024-04-15,0.11237835431551092
2024-04-16,0.08767579779408129
2024-04-17,0.08630525119892651
2024-04-18,0.11490222772136004
2024-04-19,0.23070757765446248
2024-04-22,0.2256350294513101
2024-04-23,0.24949002754449812
2024-04-24,0.24965576490296795
2024-04-25,0.2663011601261512
2024-04-26,0.3363855966164289
2024-04-29,0.5963798851366289
2024-04-30,0.6447339930581872
2024-05-01,0.6245794974532113
2024-05-02,0.6275816150132507
2024-05-03,0.8479753338467911
2024-05-06,0.44438099011314935
2024-05-07,0.6781581839882317
2024-05-08,0.678581803669009
2024-05-09,0.686580182082798
2024-05-10,0.5250131479162526
2024-05-13,0.5268962613181485
2024-05-14,0.23992038903918333
2024-05-15,0.2370403734756587
2024-05-16,0.22783175244353213
2024-05-17,0.15083939989516654
2024-05-20,0.15839909293824725
2024-05-21,0.14138809516579942
2024-05-22,0.13391711445518065
2024-05-23,0.17381452281539514
2024-05-24,0.1183819493714766
2024-05-28,0.1254853275796883
2024-05-29,0.12233431772405584
2024-05-30,0.20331132901354795
2024-05-31,0.2133455647289418
2024-06-03,0.21043112213554618
2024-06-04,0.29294019218645934
2024-06-05,0.3907777333064862
2024-06-06,0.378172639408803
2024-06-07,0.36611017126176304
2024-06-10,0.3742446872195996
2024-06-11,0.28049083166345995
2024-06-12,0.14694127918271693
2024-06-13,0.12377070454317132
2024-06-14,0.11508136296012822
2024-06-17,0.15543024290106092
2024-06-18,0.1649239182662113
2024-06-20,0.14442621428792124
2024-06-21,0.2749787440207059
2024-06-24,0.30172585605322433
2024-06-25,0.3072686861979894
2024-06-26,0.29030643357525554
2024-06-27,0.3020908875619311
2024-06-28,0.2858078496835564
2024-07-01,0.2960661129026373
2024-07-02,0.31738325835562803
2024-07-03,0.33390059132394223
2024-07-05,0.34344762868686374
2024-07-08,0.2747673458507821
2024-07-09,0.24228740335779989
2024-07-10,0.413819436057295
2024-07-11,0.5082585353626593
2024-07-12,0.6681931100532464
2024-07-15,0.6564274926672761
2024-07-16,0.6634165955467181
2024-07-17,0.3860773658669136
2024-07-18,0.3762543593389947
2024-07-19,0.17389535268212783
2024-07-22,0.2658138836986258
2024-07-23,0.2862018243317972
2024-07-24,0.30270279528336647
2024-07-25,0.2887519828768835
2024-07-26,0.30857237503331064
2024-07-29,0.3516289258983037
2024-07-30,0.45217660782542163
2024-07-31,0.4167041388239805
2024-08-01,0.33951239860679516
2024-08-02,1.0590725929248832
2024-08-05,0.9967598718151757
2024-08-06,0.9392926729959344
2024-08-07,0.9585249991400501
2024-08-08,0.9514564041389004
2024-08-09,0.4111234259916431
2024-08-12,0.4102145473521296
2024-08-13,0.292050622452838
2024-08-14,0.26954135982798777
2024-08-15,0.29744706610609484
2024-08-16,0.22555706395473268
2024-08-19,0.3157249617461813
2024-08-20,0.35780582213970624
2024-08-21,0.4159046155117865
2024-08-22,0.35962969039716863
2024-08-23,0.41404000289002424
2024-08-26,0.32118152698983715
2024-08-27,0.327886417092823
2024-08-28,0.29320044596839784
2024-08-29,0.3527984924373624
2024-08-30,0.304290036159482
2024-09-03,0.2936038840315402
2024-09-04,0.29043784287671587
2024-09-05,0.2883972690342323
2024-09-06,0.24575875530021926
2024-09-09,0.11714933319085431
2024-09-10,0.22125475424144692
2024-09-11,0.21814035793658856
2024-09-12,0.20917489721281574
2024-09-13,0.24318014042908795
2024-09-16,0.23791952364223137
2024-09-17,0.13793683658415812
2024-09-18,0.22488940477892894
2024-09-19,0.25234697576861087
2024-09-20,0.36802884022516974
2024-09-23,0.4157018865658154
2024-09-24,0.44723733784347847
2024-09-25,0.49611898604074456
2024-09-26,0.535500258405893
2024-09-27,0.3538083353177072
2024-09-30,0.36036178542816405
2024-10-01,0.37017949659305127
2024-10-02,0.350234601751847
2024-10-03,0.3058975097298762
2024-10-04,0.2803987065518881
2024-10-07,0.29326155440549195
2024-10-08,0.19181968752635303
2024-10-09,0.14189895985242265
2024-10-10,0.14606803126204787
2024-10-11,0.18655477748779445
2024-10-14,0.1681610110944109
2024-10-15,0.1441983095844722
2024-10-16,0.15645823640117335
2024-10-17,0.22486262979117472
2024-10-18,0.2597888223663865
2024-10-21,0.25757172521282756
2024-10-22,0.3087965071815136
2024-10-23,0.3444185284316497
2024-10-24,0.3096125324716232
2024-10-25,0.2691753953657761
2024-10-28,0.2691348172823138
2024-10-29,0.09801365507816549
2024-10-30,0.2839063879159616
2024-10-31,0.27625357089425046
2024-11-01,0.4187058745615232
2024-11-04,0.48870622273224484
2024-11-05,0.4888587082936611
2024-11-06,0.3464116362415597
2024-11-07,0.39992631189092437
2024-11-08,0.369577939460109
2024-11-11,0.29622024489329607
2024-11-12,0.292813290920272
2024-11-13,0.2631790112406319
2024-11-14,0.29163182868211296
2024-11-15,0.29083009421891315
2024-11-18,0.2628197880317776
2024-11-19,0.37423321817249255
2024-11-20,0.3697468659675714
2024-11-21,0.34759881354767663
2024-11-22,0.32716448110599095
2024-11-25,0.3120642699851596
2024-11-26,0.0757194082575458
2024-11-27,0.12856794807317654
2024-11-29,0.14633277307560952
2024-12-02,0.17265466418273612
2024-12-03,0.1662296996852217
2024-12-04,0.23445222393885448
2024-12-05,0.23752984490975318
2024-12-06,0.23578250981999196
2024-12-09,0.1924748155065913
2024-12-10,0.15862095058262815
2024-12-11,0.20567755593845133
2024-12-12,0.24151102248409095
2024-12-13,0.278004849493735
2024-12-16,0.39274096064585073
2024-12-17,0.38989633388025025
2024-12-18,0.3687321743549231
2024-12-19,0.39778759132742236
2024-12-20,0.2444015521534599
2024-12-23,0.40967291629045416
2024-12-24,0.4394769144726605
2024-12-26,0.4403711889449356
2024-12-27,0.35948211329307955
2024-12-30,0.2845928328484407
2024-12-31,0.24698099748404287
2025-01-02,0.25670733009281416
2025-01-03,0.2521484963887706
2025-01-06,0.1363782275382882
2025-01-07,0.15363103819120688
2025-01-08,0.43661835928117004
2025-01-10,0.38911443026340053
2025-01-13,0.380376764172847
2025-01-14,0.4450750283361224
2025-01-15,0.45479643250932744
2025-01-16,0.25144637963128713
2025-01-17,0.2394551959782335
2025-01-21,0.29324501113066787
2025-01-22,0.20736069018522688
2025-01-23,0.1606626659207179
2025-01-24,0.14335458333681797
2025-01-27,0.2074976250914335
2025-01-28,0.2680574377896418
2025-01-29,0.315773413897853
2025-01-30,0.3051128838223014
2025-01-31,0.3199429889592595
2025-02-03,0.31329888680612655
2025-02-04,0.15746225303717792
2025-02-05,0.13432752458815406
2025-02-06,0.14631953207006973
2025-02-07,0.16564813854456095
2025-02-10,0.1407804338467674
2025-02-11,0.3424980034715707
2025-02-12,0.34678014034521554
2025-02-13,0.4518245296426736
2025-02-14,0.4656451943714659
2025-02-18,0.47559595665938587
2025-02-19,0.10928184171419987
2025-02-20,0.14517581302395552
2025-02-21,0.2948191556505691
2025-02-24,0.3515669817829704
2025-02-25,0.3483669236848109
2025-02-26,0.46004965495599526
2025-02-27,0.44394100065438963
2025-02-28,0.22388732051998061
2025-03-03,0.3594750067602251
2025-03-04,0.4370059619780093
2025-03-05,0.4674346264887738
2025-03-06,0.5263635984899286
2025-03-07,0.5398991747153667
2025-03-10,0.468853196335787
2025-03-11,0.4315141559864444
2025-03-12,0.3035037205706476
2025-03-13,0.27039167126208746
2025-03-14,0.19673845220546718
2025-03-17,0.18394849707188624
2025-03-18,0.22580387345577638
2025-03-19,0.23015123195507436
2025-03-20,0.26152243312681994
2025-03-21,0.291703415094444
2025-03-24,0.31924584825133906
2025-03-25,0.30833760609863253
2025-03-26,0.3095123479838511
2025-03-27,0.30289866236092683
2025-03-28,0.5319941673612023
2025-03-31,0.5269890307655997
2025-04-01,0.5166848386758535
2025-04-02,0.5074567386918228
2025-04-03,1.1180138013685668
2025-04-04,1.0557313329934037
2025-04-07,1.054629909249915
2025-04-08,1.0489757801462816
2025-04-09,0.9476177147237799
2025-04-10,0.46322103027601746
2025-04-11,0.43890315354898496
2025-04-14,0.45110925619070297
2025-04-15,0.44765233475325894
2025-04-16,0.4008740673320125
2025-04-17,0.3696846998902262
2025-04-21,0.19369478832155032
2025-04-22,0.1201589845790712
2025-04-23,0.14275623654146452
2025-04-24,0.13709252371689018
2025-04-25,0.14816045822548127
2025-04-28,0.18783400980326193
2025-04-29,0.169657505634334
2025-04-30,0.13096818928440393
2025-05-01,0.13281291348606447
2025-05-02,0.1991224689974123
2025-05-05,0.19852207951057874
2025-05-06,0.3824251344111426
2025-05-07,0.5040839688472274
2025-05-08,0.5137862024940271
2025-05-09,0.4016773137638645
2025-05-12,0.44769327499660616
2025-05-13,0.4721339023071584
2025-05-14,0.42197743185974407
2025-05-15,0.43274419867884284
2025-05-16,0.443256396611069
2025-05-19,0.29762679715525553
2025-05-20,0.522054243418269
2025-05-21,0.5121974714949198
2025-05-22,0.5083914978193621
2025-05-23,0.5079903169036939
2025-05-27,0.48085463644845894
2025-05-28,0.29071687007919156
2025-05-29,0.24786356223453357
2025-05-30,0.38371862039608645
2025-06-02,0.4922485593669336
2025-06-03,0.47031940208655415
2025-06-04,0.4727279524610847
2025-06-05,0.49044733727131695
2025-06-06,0.40911808850077175
2025-06-09,0.19693009474024614
2025-06-10,0.2868515097785999
2025-06-11,0.28417508624013293
2025-06-12,0.3145150284228118
2025-06-13,0.30367912896647337
2025-06-16,0.2009963724001706
2025-06-17,0.18551712301551454
2025-06-18,0.1873548577967913
2025-06-20,0.1694593233092937
2025-06-23,0.1278197580454267
2025-06-24,0.1847170871884338
2025-06-25,0.16171540657402708
2025-06-26,0.17864183278630832
2025-06-27,0.19426806740365726
2025-06-30,0.26174968616608757
2025-07-01,0.24299779575720912
2025-07-02,0.25518620757410837
2025-07-03,0.1820022868424821
2025-07-07,0.20370749590297313
2025-07-08,0.19186818943255374
2025-07-09,0.22185372451641378
2025-07-10,0.27324015990260503
2025-07-11,0.31215403905358696
2025-07-14,0.30059514807519216
2025-07-15,0.6212176495968932
2025-07-16,0.49108211557691805
2025-07-17,0.5067443640830702
2025-07-18,0.7258124628264029
2025-07-21,0.7723436635090527
2025-07-22,0.4227219710610009
2025-07-23,0.3037271079029842
2025-07-24,0.22548670861185782
2025-07-25,0.15432349765279268
2025-07-28,0.18046561215057763
2025-07-29,0.409392445651641
2025-07-30,0.4295798139022588
2025-07-31,0.4302551111778318
2025-08-01,0.3732377186677763
2025-08-04,0.2244147079934848
2025-08-05,0.10137443139134368
2025-08-06,0.09254702986864428
2025-08-07,0.18618548453103484
2025-08-08,0.1898104751028697
2025-08-11,0.3557021921885742
2025-08-12,0.3572873568891238
2025-08-13,0.34293176250928864
2025-08-14,0.18940888048252216
2025-08-15,0.189231478629492
2025-08-18,0.21632596884991684
2025-08-19,0.30122387960246605
2025-08-20,0.3019141955058691
2025-08-21,0.2728762119076262
2025-08-22,0.26941753048273553
2025-08-25,0.27982358236603244
2025-08-26,0.282122382336052
2025-08-27,0.2890651938795933
2025-08-28,0.23469884214653763
2025-08-29,0.3005901942281188
2025-09-02,0.29699211643051115
2025-09-03,0.11028024381028123
2025-09-04,0.30693583964664495
2025-09-05,0.35269106170081366
2025-09-08,0.35413501503379496
2025-09-09,0.3807322759957631
2025-09-10,0.4096621174083954
2025-09-11,0.26323452493353433
2025-09-12,0.239029572600003
2025-09-15,0.246732103509349
2025-09-16,0.22850555984358667
2025-09-17,0.17422971866786402
2025-09-18,0.1753847840821523
2025-09-19,0.19867619504749348
2025-09-22,0.15040197198939373
2025-09-23,1.1868715668781658
2025-09-24,1.2264467595976232
2025-09-25,1.553264074334419
2025-09-26,1.5575057963658085
2025-09-29,1.6099098805846437
2025-09-30,0.8471272861418813
2025-10-01,0.9533782411204593
2025-10-02,0.5768541256685787
2025-10-03,0.5800088310945523
2025-10-06,0.2219685758667236
2025-10-07,1.396755722114662
2025-10-08,1.4096137153087285
2025-10-09,1.3266624321466773
2025-10-10,1.235611180500314
2025-10-13,1.9514167931627031
2025-10-14,4.7822569171467215
2025-10-15,5.826092024259591
2025-10-16,5.669501291627538
2025-10-17,5.6177646997212465
2025-10-20,6.146063673330028
2025-10-21,5.262286519348477
2025-10-22,0.9539345557264033
2025-10-23,0.9233541845615614
2025-10-24,0.8423707506087722
2025-10-27,0.6782663893930065
2025-10-28,0.709955931824365
2025-10-29,0.45259523887809744
2025-10-30,0.4620462878857175
2025-10-31,0.44605905902359705
2025-11-03,0.8662311645444355
2025-11-04,0.6818578975507619
2025-11-05,0.7083537618565058
2025-11-06,0.7549064713427094
2025-11-07,0.7863982087380307
2025-11-10,0.48934115583999443
2025-11-11,0.4871798029500916
2025-11-12,0.4806738123199991
2025-11-13,0.43809602839337447
2025-11-14,0.46042407643037486
2025-11-17,0.29077963160712555
2025-11-18,0.34466808644163244
2025-11-19,0.35203656701701797
2025-11-20,0.7835215998544467
2025-11-21,0.6530360106212193
2025-11-24,1.2617857099100267
2025-11-25,1.311328275103183
2025-11-26,1.3518277614204224
2025-11-28,1.3254330939976364
2025-12-01,1.317291507712294
2025-12-02,0.14472324123237346
2025-12-03,0.47536728504052944
2025-12-04,0.46397035572634265
2025-12-05,0.47960987502185953
2025-12-08,0.5261576897486335
2025-12-09,0.5166817857468182
2025-12-10,0.3846863752265638
2025-12-11,0.3832783206785423
